TIPO_ELECCION;AÃ‘O;MES;VUELTA;COD_CCAA;COD_PROV;COD_MUN;DISTRITO;SECCION;MESA;COD_CAND;VOTOS_CAND
4;2015;5;1;8;9;59;7;6;B;C's;56
4;2015;5;1;8;9;59;7;6;B;IMAGINA BUR;77
4;2015;5;1;8;9;59;7;6;B;PCAS-TC;2
4;2015;5;1;8;9;59;7;6;B;PP;72
4;2015;5;1;8;9;59;7;6;B;PSOE;62
4;2015;5;1;8;9;59;7;6;B;PORBUR;13
4;2015;5;1;8;9;59;7;6;B;SAIn;1
4;2015;5;1;8;9;59;7;6;B;UPYD;7
4;2015;5;1;8;9;59;7;6;B;VOX;9
4;2015;5;1;8;9;59;7;7;A;C's;25
4;2015;5;1;8;9;59;7;7;A;IMAGINA BUR;56
4;2015;5;1;8;9;59;7;7;A;PCAS-TC;2
4;2015;5;1;8;9;59;7;7;A;PP;98
4;2015;5;1;8;9;59;7;7;A;PSOE;41
4;2015;5;1;8;9;59;7;7;A;PORBUR;10
4;2015;5;1;8;9;59;7;7;A;SAIn;1
4;2015;5;1;8;9;59;7;7;A;UPYD;2
4;2015;5;1;8;9;59;7;7;A;VOX;2
4;2015;5;1;8;9;59;7;7;B;C's;83
4;2015;5;1;8;9;59;7;7;B;IMAGINA BUR;71
4;2015;5;1;8;9;59;7;7;B;PCAS-TC;6
4;2015;5;1;8;9;59;7;7;B;PP;136
4;2015;5;1;8;9;59;7;7;B;PSOE;78
4;2015;5;1;8;9;59;7;7;B;PORBUR;9
4;2015;5;1;8;9;59;7;7;B;SAIn;0
4;2015;5;1;8;9;59;7;7;B;UPYD;19
4;2015;5;1;8;9;59;7;7;B;VOX;0
4;2015;5;1;8;9;59;7;8;A;C's;62
4;2015;5;1;8;9;59;7;8;A;IMAGINA BUR;67
4;2015;5;1;8;9;59;7;8;A;PCAS-TC;5
4;2015;5;1;8;9;59;7;8;A;PP;122
4;2015;5;1;8;9;59;7;8;A;PSOE;89
4;2015;5;1;8;9;59;7;8;A;PORBUR;10
4;2015;5;1;8;9;59;7;8;A;SAIn;2
4;2015;5;1;8;9;59;7;8;A;UPYD;12
4;2015;5;1;8;9;59;7;8;A;VOX;4
4;2015;5;1;8;9;59;7;8;B;C's;43
4;2015;5;1;8;9;59;7;8;B;IMAGINA BUR;78
4;2015;5;1;8;9;59;7;8;B;PCAS-TC;3
4;2015;5;1;8;9;59;7;8;B;PP;142
4;2015;5;1;8;9;59;7;8;B;PSOE;75
4;2015;5;1;8;9;59;7;8;B;PORBUR;20
4;2015;5;1;8;9;59;7;8;B;SAIn;5
4;2015;5;1;8;9;59;7;8;B;UPYD;8
4;2015;5;1;8;9;59;7;8;B;VOX;5
4;2015;5;1;8;9;59;7;9;U;C's;58
4;2015;5;1;8;9;59;7;9;U;IMAGINA BUR;91
4;2015;5;1;8;9;59;7;9;U;PCAS-TC;3
4;2015;5;1;8;9;59;7;9;U;PP;187
4;2015;5;1;8;9;59;7;9;U;PSOE;94
4;2015;5;1;8;9;59;7;9;U;PORBUR;15
4;2015;5;1;8;9;59;7;9;U;SAIn;2
4;2015;5;1;8;9;59;7;9;U;UPYD;7
4;2015;5;1;8;9;59;7;9;U;VOX;13
4;2015;5;1;8;9;59;7;10;A;C's;53
4;2015;5;1;8;9;59;7;10;A;IMAGINA BUR;89
4;2015;5;1;8;9;59;7;10;A;PCAS-TC;4
4;2015;5;1;8;9;59;7;10;A;PP;156
4;2015;5;1;8;9;59;7;10;A;PSOE;109
4;2015;5;1;8;9;59;7;10;A;PORBUR;14
4;2015;5;1;8;9;59;7;10;A;SAIn;3
4;2015;5;1;8;9;59;7;10;A;UPYD;13
4;2015;5;1;8;9;59;7;10;A;VOX;8
4;2015;5;1;8;9;59;7;10;B;C's;50
4;2015;5;1;8;9;59;7;10;B;IMAGINA BUR;76
4;2015;5;1;8;9;59;7;10;B;PCAS-TC;2
4;2015;5;1;8;9;59;7;10;B;PP;173
4;2015;5;1;8;9;59;7;10;B;PSOE;107
4;2015;5;1;8;9;59;7;10;B;PORBUR;11
4;2015;5;1;8;9;59;7;10;B;SAIn;2
4;2015;5;1;8;9;59;7;10;B;UPYD;11
4;2015;5;1;8;9;59;7;10;B;VOX;9
4;2015;5;1;8;9;59;8;1;U;C's;25
4;2015;5;1;8;9;59;8;1;U;IMAGINA BUR;57
4;2015;5;1;8;9;59;8;1;U;PCAS-TC;2
4;2015;5;1;8;9;59;8;1;U;PP;104
4;2015;5;1;8;9;59;8;1;U;PSOE;77
4;2015;5;1;8;9;59;8;1;U;PORBUR;9
4;2015;5;1;8;9;59;8;1;U;SAIn;3
4;2015;5;1;8;9;59;8;1;U;UPYD;6
4;2015;5;1;8;9;59;8;1;U;VOX;8
4;2015;5;1;8;9;59;8;2;A;C's;39
4;2015;5;1;8;9;59;8;2;A;IMAGINA BUR;71
4;2015;5;1;8;9;59;8;2;A;PCAS-TC;4
4;2015;5;1;8;9;59;8;2;A;PP;96
4;2015;5;1;8;9;59;8;2;A;PSOE;56
4;2015;5;1;8;9;59;8;2;A;PORBUR;13
4;2015;5;1;8;9;59;8;2;A;SAIn;2
4;2015;5;1;8;9;59;8;2;A;UPYD;5
4;2015;5;1;8;9;59;8;2;A;VOX;4
4;2015;5;1;8;9;59;8;2;B;C's;43
4;2015;5;1;8;9;59;8;2;B;IMAGINA BUR;71
4;2015;5;1;8;9;59;8;2;B;PCAS-TC;11
4;2015;5;1;8;9;59;8;2;B;PP;92
4;2015;5;1;8;9;59;8;2;B;PSOE;89
4;2015;5;1;8;9;59;8;2;B;PORBUR;10
4;2015;5;1;8;9;59;8;2;B;SAIn;0
4;2015;5;1;8;9;59;8;2;B;UPYD;4
4;2015;5;1;8;9;59;8;2;B;VOX;7
4;2015;5;1;8;9;59;8;3;A;C's;73
4;2015;5;1;8;9;59;8;3;A;IMAGINA BUR;115
4;2015;5;1;8;9;59;8;3;A;PCAS-TC;6
4;2015;5;1;8;9;59;8;3;A;PP;128
4;2015;5;1;8;9;59;8;3;A;PSOE;91
4;2015;5;1;8;9;59;8;3;A;PORBUR;21
4;2015;5;1;8;9;59;8;3;A;SAIn;6
4;2015;5;1;8;9;59;8;3;A;UPYD;11
4;2015;5;1;8;9;59;8;3;A;VOX;13
4;2015;5;1;8;9;59;8;3;B;C's;89
4;2015;5;1;8;9;59;8;3;B;IMAGINA BUR;116
4;2015;5;1;8;9;59;8;3;B;PCAS-TC;5
4;2015;5;1;8;9;59;8;3;B;PP;148
4;2015;5;1;8;9;59;8;3;B;PSOE;103
4;2015;5;1;8;9;59;8;3;B;PORBUR;17
4;2015;5;1;8;9;59;8;3;B;SAIn;4
4;2015;5;1;8;9;59;8;3;B;UPYD;20
4;2015;5;1;8;9;59;8;3;B;VOX;9
4;2015;5;1;8;9;59;8;4;A;C's;81
4;2015;5;1;8;9;59;8;4;A;IMAGINA BUR;35
4;2015;5;1;8;9;59;8;4;A;PCAS-TC;0
4;2015;5;1;8;9;59;8;4;A;PP;126
4;2015;5;1;8;9;59;8;4;A;PSOE;40
4;2015;5;1;8;9;59;8;4;A;PORBUR;15
4;2015;5;1;8;9;59;8;4;A;SAIn;2
4;2015;5;1;8;9;59;8;4;A;UPYD;8
4;2015;5;1;8;9;59;8;4;A;VOX;17
4;2015;5;1;8;9;59;8;4;B;C's;77
4;2015;5;1;8;9;59;8;4;B;IMAGINA BUR;35
4;2015;5;1;8;9;59;8;4;B;PCAS-TC;1
4;2015;5;1;8;9;59;8;4;B;PP;149
4;2015;5;1;8;9;59;8;4;B;PSOE;45
4;2015;5;1;8;9;59;8;4;B;PORBUR;6
4;2015;5;1;8;9;59;8;4;B;SAIn;4
4;2015;5;1;8;9;59;8;4;B;UPYD;8
4;2015;5;1;8;9;59;8;4;B;VOX;20
4;2015;5;1;8;9;59;8;5;A;C's;81
4;2015;5;1;8;9;59;8;5;A;IMAGINA BUR;77
4;2015;5;1;8;9;59;8;5;A;PCAS-TC;2
4;2015;5;1;8;9;59;8;5;A;PP;100
4;2015;5;1;8;9;59;9;2;U;C's;29
4;2015;5;1;8;9;59;9;2;U;IMAGINA BUR;95
4;2015;5;1;8;9;59;9;2;U;PCAS-TC;8
4;2015;5;1;8;9;59;9;2;U;PP;138
4;2015;5;1;8;9;59;9;2;U;PSOE;172
4;2015;5;1;8;9;59;9;2;U;PORBUR;9
4;2015;5;1;8;9;59;9;2;U;SAIn;2
4;2015;5;1;8;9;59;9;2;U;UPYD;9
4;2015;5;1;8;9;59;9;2;U;VOX;9
4;2015;5;1;8;9;59;9;3;A;C's;24
4;2015;5;1;8;9;59;9;3;A;IMAGINA BUR;79
4;2015;5;1;8;9;59;9;3;A;PCAS-TC;4
4;2015;5;1;8;9;59;9;3;A;PP;90
4;2015;5;1;8;9;59;9;3;A;PSOE;110
4;2015;5;1;8;9;59;9;3;A;PORBUR;3
4;2015;5;1;8;9;59;9;3;A;SAIn;0
4;2015;5;1;8;9;59;9;3;A;UPYD;6
4;2015;5;1;8;9;59;9;3;A;VOX;2
4;2015;5;1;8;9;59;9;3;B;C's;43
4;2015;5;1;8;9;59;9;3;B;IMAGINA BUR;61
4;2015;5;1;8;9;59;9;3;B;PCAS-TC;4
4;2015;5;1;8;9;59;9;3;B;PP;84
4;2015;5;1;8;9;59;9;3;B;PSOE;99
4;2015;5;1;8;9;59;9;3;B;PORBUR;7
4;2015;5;1;8;9;59;9;3;B;SAIn;1
4;2015;5;1;8;9;59;9;3;B;UPYD;7
4;2015;5;1;8;9;59;9;3;B;VOX;4
4;2015;5;1;8;9;59;9;4;U;C's;31
4;2015;5;1;8;9;59;9;4;U;IMAGINA BUR;57
4;2015;5;1;8;9;59;9;4;U;PCAS-TC;9
4;2015;5;1;8;9;59;9;4;U;PP;106
4;2015;5;1;8;9;59;9;4;U;PSOE;135
4;2015;5;1;8;9;59;9;4;U;PORBUR;8
4;2015;5;1;8;9;59;9;4;U;SAIn;3
4;2015;5;1;8;9;59;9;4;U;UPYD;4
4;2015;5;1;8;9;59;9;4;U;VOX;2
4;2015;5;1;8;9;59;9;5;U;C's;42
4;2015;5;1;8;9;59;9;5;U;IMAGINA BUR;90
4;2015;5;1;8;9;59;9;5;U;PCAS-TC;5
4;2015;5;1;8;9;59;9;5;U;PP;107
4;2015;5;1;8;9;59;9;5;U;PSOE;178
4;2015;5;1;8;9;59;9;5;U;PORBUR;10
4;2015;5;1;8;9;59;9;5;U;SAIn;3
4;2015;5;1;8;9;59;9;5;U;UPYD;8
4;2015;5;1;8;9;59;9;5;U;VOX;7
4;2015;5;1;8;9;59;9;6;U;C's;58
4;2015;5;1;8;9;59;9;6;U;IMAGINA BUR;111
4;2015;5;1;8;9;59;9;6;U;PCAS-TC;3
4;2015;5;1;8;9;59;9;6;U;PP;120
4;2015;5;1;8;9;59;9;6;U;PSOE;119
4;2015;5;1;8;9;59;9;6;U;PORBUR;15
4;2015;5;1;8;9;59;9;6;U;SAIn;0
4;2015;5;1;8;9;59;9;6;U;UPYD;17
4;2015;5;1;8;9;59;9;6;U;VOX;5
4;2015;5;1;8;9;59;9;7;A;C's;84
4;2015;5;1;8;9;59;9;7;A;IMAGINA BUR;89
4;2015;5;1;8;9;59;9;7;A;PCAS-TC;7
4;2015;5;1;8;9;59;9;7;A;PP;133
4;2015;5;1;8;9;59;9;7;A;PSOE;147
4;2015;5;1;8;9;59;9;7;A;PORBUR;8
4;2015;5;1;8;9;59;9;7;A;SAIn;0
4;2015;5;1;8;9;59;9;7;A;UPYD;8
4;2015;5;1;8;9;59;9;7;A;VOX;4
4;2015;5;1;8;9;59;9;7;B;C's;74
4;2015;5;1;8;9;59;9;7;B;IMAGINA BUR;101
4;2015;5;1;8;9;59;9;7;B;PCAS-TC;7
4;2015;5;1;8;9;59;9;7;B;PP;175
4;2015;5;1;8;9;59;9;7;B;PSOE;132
4;2015;5;1;8;9;59;9;7;B;PORBUR;9
4;2015;5;1;8;9;59;9;7;B;SAIn;2
4;2015;5;1;8;9;59;9;7;B;UPYD;13
4;2015;5;1;8;9;59;9;7;B;VOX;14
4;2015;5;1;8;9;59;9;8;U;C's;32
4;2015;5;1;8;9;59;9;8;U;IMAGINA BUR;117
4;2015;5;1;8;9;59;9;8;U;PCAS-TC;2
4;2015;5;1;8;9;59;9;8;U;PP;193
4;2015;5;1;8;9;59;9;8;U;PSOE;158
4;2015;5;1;8;9;59;9;8;U;PORBUR;11
4;2015;5;1;8;9;59;9;8;U;SAIn;2
4;2015;5;1;8;9;59;9;8;U;UPYD;8
4;2015;5;1;8;9;59;9;8;U;VOX;14
4;2015;5;1;8;9;59;9;9;U;C's;53
4;2015;5;1;8;9;59;9;9;U;IMAGINA BUR;95
4;2015;5;1;8;9;59;9;9;U;PCAS-TC;3
4;2015;5;1;8;9;59;9;9;U;PP;110
4;2015;5;1;8;9;59;9;9;U;PSOE;137
4;2015;5;1;8;9;59;9;9;U;PORBUR;8
4;2015;5;1;8;9;59;9;9;U;SAIn;4
4;2015;5;1;8;9;59;9;9;U;UPYD;22
4;2015;5;1;8;9;59;9;9;U;VOX;7
4;2015;5;1;8;9;59;9;10;U;C's;30
4;2015;5;1;8;9;59;9;10;U;IMAGINA BUR;90
4;2015;5;1;8;9;59;9;10;U;PCAS-TC;3
4;2015;5;1;8;9;59;9;10;U;PP;117
4;2015;5;1;8;9;59;9;10;U;PSOE;115
4;2015;5;1;8;9;59;9;10;U;PORBUR;7
4;2015;5;1;8;9;59;9;10;U;SAIn;4
4;2015;5;1;8;9;59;9;10;U;UPYD;9
4;2015;5;1;8;9;59;9;10;U;VOX;20
4;2015;5;1;8;9;59;9;11;U;C's;64
4;2015;5;1;8;9;59;9;11;U;IMAGINA BUR;86
4;2015;5;1;8;9;59;9;11;U;PCAS-TC;5
4;2015;5;1;8;9;59;9;11;U;PP;168
4;2015;5;1;8;9;59;9;11;U;PSOE;179
4;2015;5;1;8;9;59;9;11;U;PORBUR;11
4;2015;5;1;8;9;59;9;11;U;SAIn;2
4;2015;5;1;8;9;59;9;11;U;UPYD;12
4;2015;5;1;8;9;59;9;11;U;VOX;9
4;2015;5;1;8;9;59;9;12;A;C's;49
4;2015;5;1;8;9;59;9;12;A;IMAGINA BUR;121
4;2015;5;1;8;9;59;9;12;A;PCAS-TC;8
4;2015;5;1;8;9;59;9;12;A;PP;92
4;2015;5;1;8;9;59;9;12;A;PSOE;140
4;2015;5;1;8;9;59;9;12;A;PORBUR;7
4;2015;5;1;8;9;59;9;12;A;SAIn;3
4;2015;5;1;8;9;59;9;12;A;UPYD;20
4;2015;5;1;8;9;59;9;12;A;VOX;14
4;2015;5;1;8;9;59;9;12;B;C's;36
4;2015;5;1;8;9;59;9;12;B;IMAGINA BUR;120
4;2015;5;1;8;9;59;9;12;B;PCAS-TC;3
4;2015;5;1;8;9;59;9;12;B;PP;110
4;2015;5;1;8;9;59;9;12;B;PSOE;141
4;2015;5;1;8;9;59;9;12;B;PORBUR;9
4;2015;5;1;8;9;59;9;12;B;SAIn;2
4;2015;5;1;8;9;59;9;12;B;UPYD;9
4;2015;5;1;8;9;59;9;12;B;VOX;14
4;2015;5;1;8;9;59;9;13;U;C's;59
4;2015;5;1;8;9;59;9;13;U;IMAGINA BUR;108
4;2015;5;1;8;9;59;9;13;U;PCAS-TC;3
4;2015;5;1;8;9;59;9;13;U;PP;138
4;2015;5;1;8;9;59;9;13;U;PSOE;143
4;2015;5;1;8;9;59;9;13;U;PORBUR;11
4;2015;5;1;8;9;59;9;13;U;SAIn;0
4;2015;5;1;8;9;59;9;13;U;UPYD;9
4;2015;5;1;8;9;59;9;13;U;VOX;2
4;2015;5;1;8;9;59;9;14;U;C's;34
4;2015;5;1;8;9;59;9;14;U;IMAGINA BUR;99
4;2015;5;1;8;9;59;9;14;U;PCAS-TC;8
4;2015;5;1;8;9;59;9;14;U;PP;121
4;2015;5;1;8;9;59;9;14;U;PSOE;159
4;2015;5;1;8;9;59;9;14;U;PORBUR;20
4;2015;5;1;8;9;59;9;14;U;SAIn;3
4;2015;5;1;8;9;59;9;14;U;UPYD;14
4;2015;5;1;8;9;59;9;14;U;VOX;5
4;2015;5;1;8;9;59;9;15;U;C's;67
4;2015;5;1;8;9;59;9;15;U;IMAGINA BUR;123
4;2015;5;1;8;9;59;9;15;U;PCAS-TC;5
4;2015;5;1;8;9;59;9;15;U;PP;105
4;2015;5;1;8;9;59;9;15;U;PSOE;169
4;2015;5;1;8;9;59;9;15;U;PORBUR;11
4;2015;5;1;8;9;59;9;15;U;SAIn;6
4;2015;5;1;8;9;59;9;15;U;UPYD;15
4;2015;5;1;8;9;59;9;15;U;VOX;5
4;2015;5;1;8;9;59;9;16;A;C's;69
4;2015;5;1;8;9;59;9;16;A;IMAGINA BUR;80
4;2015;5;1;8;9;59;9;16;A;PCAS-TC;9
4;2015;5;1;8;9;59;8;5;A;PSOE;67
4;2015;5;1;8;9;59;8;5;A;PORBUR;8
4;2015;5;1;8;9;59;8;5;A;SAIn;1
4;2015;5;1;8;9;59;8;5;A;UPYD;6
4;2015;5;1;8;9;59;8;5;A;VOX;7
4;2015;5;1;8;9;59;8;5;B;C's;104
4;2015;5;1;8;9;59;8;5;B;IMAGINA BUR;107
4;2015;5;1;8;9;59;8;5;B;PCAS-TC;3
4;2015;5;1;8;9;59;8;5;B;PP;130
4;2015;5;1;8;9;59;8;5;B;PSOE;73
4;2015;5;1;8;9;59;8;5;B;PORBUR;18
4;2015;5;1;8;9;59;8;5;B;SAIn;2
4;2015;5;1;8;9;59;8;5;B;UPYD;10
4;2015;5;1;8;9;59;8;5;B;VOX;11
4;2015;5;1;8;9;59;8;5;C;C's;96
4;2015;5;1;8;9;59;8;5;C;IMAGINA BUR;100
4;2015;5;1;8;9;59;8;5;C;PCAS-TC;0
4;2015;5;1;8;9;59;8;5;C;PP;108
4;2015;5;1;8;9;59;8;5;C;PSOE;89
4;2015;5;1;8;9;59;8;5;C;PORBUR;10
4;2015;5;1;8;9;59;8;5;C;SAIn;5
4;2015;5;1;8;9;59;8;5;C;UPYD;13
4;2015;5;1;8;9;59;8;5;C;VOX;6
4;2015;5;1;8;9;59;8;6;A;C's;50
4;2015;5;1;8;9;59;8;6;A;IMAGINA BUR;67
4;2015;5;1;8;9;59;8;6;A;PCAS-TC;2
4;2015;5;1;8;9;59;8;6;A;PP;167
4;2015;5;1;8;9;59;8;6;A;PSOE;71
4;2015;5;1;8;9;59;8;6;A;PORBUR;15
4;2015;5;1;8;9;59;8;6;A;SAIn;3
4;2015;5;1;8;9;59;8;6;A;UPYD;7
4;2015;5;1;8;9;59;8;6;A;VOX;17
4;2015;5;1;8;9;59;8;6;B;C's;60
4;2015;5;1;8;9;59;8;6;B;IMAGINA BUR;91
4;2015;5;1;8;9;59;8;6;B;PCAS-TC;2
4;2015;5;1;8;9;59;8;6;B;PP;156
4;2015;5;1;8;9;59;8;6;B;PSOE;72
4;2015;5;1;8;9;59;8;6;B;PORBUR;11
4;2015;5;1;8;9;59;8;6;B;SAIn;4
4;2015;5;1;8;9;59;8;6;B;UPYD;15
4;2015;5;1;8;9;59;8;6;B;VOX;18
4;2015;5;1;8;9;59;8;7;U;C's;44
4;2015;5;1;8;9;59;8;7;U;IMAGINA BUR;95
4;2015;5;1;8;9;59;8;7;U;PCAS-TC;5
4;2015;5;1;8;9;59;8;7;U;PP;144
4;2015;5;1;8;9;59;8;7;U;PSOE;118
4;2015;5;1;8;9;59;8;7;U;PORBUR;15
4;2015;5;1;8;9;59;8;7;U;SAIn;0
4;2015;5;1;8;9;59;8;7;U;UPYD;5
4;2015;5;1;8;9;59;8;7;U;VOX;9
4;2015;5;1;8;9;59;8;8;A;C's;75
4;2015;5;1;8;9;59;8;8;A;IMAGINA BUR;108
4;2015;5;1;8;9;59;8;8;A;PCAS-TC;1
4;2015;5;1;8;9;59;8;8;A;PP;122
4;2015;5;1;8;9;59;8;8;A;PSOE;117
4;2015;5;1;8;9;59;8;8;A;PORBUR;17
4;2015;5;1;8;9;59;8;8;A;SAIn;3
4;2015;5;1;8;9;59;8;8;A;UPYD;16
4;2015;5;1;8;9;59;8;8;A;VOX;7
4;2015;5;1;8;9;59;8;8;B;C's;74
4;2015;5;1;8;9;59;8;8;B;IMAGINA BUR;129
4;2015;5;1;8;9;59;8;8;B;PCAS-TC;8
4;2015;5;1;8;9;59;8;8;B;PP;155
4;2015;5;1;8;9;59;8;8;B;PSOE;112
4;2015;5;1;8;9;59;8;8;B;PORBUR;19
4;2015;5;1;8;9;59;8;8;B;SAIn;8
4;2015;5;1;8;9;59;8;8;B;UPYD;17
4;2015;5;1;8;9;59;8;8;B;VOX;7
4;2015;5;1;8;9;59;8;9;U;C's;56
4;2015;5;1;8;9;59;8;9;U;IMAGINA BUR;87
4;2015;5;1;8;9;59;8;9;U;PCAS-TC;8
4;2015;5;1;8;9;59;8;9;U;PP;146
4;2015;5;1;8;9;59;8;9;U;PSOE;89
4;2015;5;1;8;9;59;8;9;U;PORBUR;6
4;2015;5;1;8;9;59;8;9;U;SAIn;1
4;2015;5;1;8;9;59;8;9;U;UPYD;16
4;2015;5;1;8;9;59;8;9;U;VOX;2
4;2015;5;1;8;9;59;8;10;A;C's;41
4;2015;5;1;8;9;59;8;10;A;IMAGINA BUR;83
4;2015;5;1;8;9;59;8;10;A;PCAS-TC;7
4;2015;5;1;8;9;59;8;10;A;PP;68
4;2015;5;1;8;9;59;8;10;A;PSOE;52
4;2015;5;1;8;9;59;8;10;A;PORBUR;9
4;2015;5;1;8;9;59;8;10;A;SAIn;2
4;2015;5;1;8;9;59;8;10;A;UPYD;6
4;2015;5;1;8;9;59;8;10;A;VOX;8
4;2015;5;1;8;9;59;8;10;B;C's;61
4;2015;5;1;8;9;59;8;10;B;IMAGINA BUR;75
4;2015;5;1;8;9;59;8;10;B;PCAS-TC;4
4;2015;5;1;8;9;59;8;10;B;PP;80
4;2015;5;1;8;9;59;8;10;B;PSOE;62
4;2015;5;1;8;9;59;8;10;B;PORBUR;13
4;2015;5;1;8;9;59;8;10;B;SAIn;1
4;2015;5;1;8;9;59;8;10;B;UPYD;6
4;2015;5;1;8;9;59;8;10;B;VOX;5
4;2015;5;1;8;9;59;8;11;A;C's;92
4;2015;5;1;8;9;59;8;11;A;IMAGINA BUR;51
4;2015;5;1;8;9;59;8;11;A;PCAS-TC;0
4;2015;5;1;8;9;59;8;11;A;PP;152
4;2015;5;1;8;9;59;8;11;A;PSOE;59
4;2015;5;1;8;9;59;8;11;A;PORBUR;10
4;2015;5;1;8;9;59;8;11;A;SAIn;3
4;2015;5;1;8;9;59;8;11;A;UPYD;10
4;2015;5;1;8;9;59;8;11;A;VOX;12
4;2015;5;1;8;9;59;8;11;B;C's;88
4;2015;5;1;8;9;59;8;11;B;IMAGINA BUR;56
4;2015;5;1;8;9;59;8;11;B;PCAS-TC;3
4;2015;5;1;8;9;59;8;11;B;PP;157
4;2015;5;1;8;9;59;8;11;B;PSOE;55
4;2015;5;1;8;9;59;8;11;B;PORBUR;11
4;2015;5;1;8;9;59;8;11;B;SAIn;1
4;2015;5;1;8;9;59;8;11;B;UPYD;21
4;2015;5;1;8;9;59;8;11;B;VOX;10
4;2015;5;1;8;9;59;9;1;U;C's;41
4;2015;5;1;8;9;59;9;1;U;IMAGINA BUR;117
4;2015;5;1;8;9;59;9;1;U;PCAS-TC;6
4;2015;5;1;8;9;59;9;1;U;PP;143
4;2015;5;1;8;9;59;9;1;U;PSOE;156
4;2015;5;1;8;9;59;9;1;U;PORBUR;4
4;2015;5;1;8;9;59;9;1;U;SAIn;2
4;2015;5;1;8;9;59;9;1;U;UPYD;13
4;2015;5;1;8;9;59;9;1;U;VOX;5
4;2015;5;1;8;9;59;6;6;B;PORBUR;8
4;2015;5;1;8;9;59;6;6;B;SAIn;1
4;2015;5;1;8;9;59;6;6;B;UPYD;9
4;2015;5;1;8;9;59;6;6;B;VOX;5
4;2015;5;1;8;9;59;6;7;A;C's;67
4;2015;5;1;8;9;59;6;7;A;IMAGINA BUR;89
4;2015;5;1;8;9;59;6;7;A;PCAS-TC;3
4;2015;5;1;8;9;59;6;7;A;PP;189
4;2015;5;1;8;9;59;6;7;A;PSOE;101
4;2015;5;1;8;9;59;6;7;A;PORBUR;7
4;2015;5;1;8;9;59;6;7;A;SAIn;7
4;2015;5;1;8;9;59;6;7;A;UPYD;12
4;2015;5;1;8;9;59;6;7;A;VOX;4
4;2015;5;1;8;9;59;6;7;B;C's;85
4;2015;5;1;8;9;59;6;7;B;IMAGINA BUR;82
4;2015;5;1;8;9;59;6;7;B;PCAS-TC;6
4;2015;5;1;8;9;59;6;7;B;PP;216
4;2015;5;1;8;9;59;6;7;B;PSOE;91
4;2015;5;1;8;9;59;6;7;B;PORBUR;9
4;2015;5;1;8;9;59;6;7;B;SAIn;4
4;2015;5;1;8;9;59;6;7;B;UPYD;15
4;2015;5;1;8;9;59;6;7;B;VOX;8
4;2015;5;1;8;9;59;6;8;U;C's;80
4;2015;5;1;8;9;59;6;8;U;IMAGINA BUR;118
4;2015;5;1;8;9;59;6;8;U;PCAS-TC;6
4;2015;5;1;8;9;59;6;8;U;PP;140
4;2015;5;1;8;9;59;6;8;U;PSOE;116
4;2015;5;1;8;9;59;6;8;U;PORBUR;17
4;2015;5;1;8;9;59;6;8;U;SAIn;9
4;2015;5;1;8;9;59;6;8;U;UPYD;24
4;2015;5;1;8;9;59;6;8;U;VOX;10
4;2015;5;1;8;9;59;6;9;U;C's;42
4;2015;5;1;8;9;59;6;9;U;IMAGINA BUR;78
4;2015;5;1;8;9;59;6;9;U;PCAS-TC;4
4;2015;5;1;8;9;59;6;9;U;PP;183
4;2015;5;1;8;9;59;6;9;U;PSOE;95
4;2015;5;1;8;9;59;6;9;U;PORBUR;10
4;2015;5;1;8;9;59;6;9;U;SAIn;6
4;2015;5;1;8;9;59;6;9;U;UPYD;11
4;2015;5;1;8;9;59;6;9;U;VOX;4
4;2015;5;1;8;9;59;6;10;U;C's;47
4;2015;5;1;8;9;59;6;10;U;IMAGINA BUR;60
4;2015;5;1;8;9;59;6;10;U;PCAS-TC;5
4;2015;5;1;8;9;59;6;10;U;PP;125
4;2015;5;1;8;9;59;6;10;U;PSOE;99
4;2015;5;1;8;9;59;6;10;U;PORBUR;4
4;2015;5;1;8;9;59;6;10;U;SAIn;2
4;2015;5;1;8;9;59;6;10;U;UPYD;7
4;2015;5;1;8;9;59;6;10;U;VOX;5
4;2015;5;1;8;9;59;6;11;U;C's;46
4;2015;5;1;8;9;59;6;11;U;IMAGINA BUR;69
4;2015;5;1;8;9;59;6;11;U;PCAS-TC;3
4;2015;5;1;8;9;59;6;11;U;PP;165
4;2015;5;1;8;9;59;6;11;U;PSOE;83
4;2015;5;1;8;9;59;6;11;U;PORBUR;10
4;2015;5;1;8;9;59;6;11;U;SAIn;1
4;2015;5;1;8;9;59;6;11;U;UPYD;8
4;2015;5;1;8;9;59;6;11;U;VOX;11
4;2015;5;1;8;9;59;6;12;A;C's;55
4;2015;5;1;8;9;59;6;12;A;IMAGINA BUR;45
4;2015;5;1;8;9;59;6;12;A;PCAS-TC;1
4;2015;5;1;8;9;59;6;12;A;PP;106
4;2015;5;1;8;9;59;6;12;A;PSOE;66
4;2015;5;1;8;9;59;6;12;A;PORBUR;9
4;2015;5;1;8;9;59;6;12;A;SAIn;0
4;2015;5;1;8;9;59;6;12;A;UPYD;4
4;2015;5;1;8;9;59;6;12;A;VOX;7
4;2015;5;1;8;9;59;6;12;B;C's;40
4;2015;5;1;8;9;59;6;12;B;IMAGINA BUR;53
4;2015;5;1;8;9;59;6;12;B;PCAS-TC;1
4;2015;5;1;8;9;59;6;12;B;PP;145
4;2015;5;1;8;9;59;6;12;B;PSOE;53
4;2015;5;1;8;9;59;6;12;B;PORBUR;10
4;2015;5;1;8;9;59;6;12;B;SAIn;0
4;2015;5;1;8;9;59;6;12;B;UPYD;8
4;2015;5;1;8;9;59;6;12;B;VOX;8
4;2015;5;1;8;9;59;7;1;U;C's;65
4;2015;5;1;8;9;59;7;1;U;IMAGINA BUR;72
4;2015;5;1;8;9;59;7;1;U;PCAS-TC;2
4;2015;5;1;8;9;59;7;1;U;PP;210
4;2015;5;1;8;9;59;7;1;U;PSOE;69
4;2015;5;1;8;9;59;7;1;U;PORBUR;13
4;2015;5;1;8;9;59;7;1;U;SAIn;6
4;2015;5;1;8;9;59;7;1;U;UPYD;6
4;2015;5;1;8;9;59;7;1;U;VOX;6
4;2015;5;1;8;9;59;7;2;U;C's;66
4;2015;5;1;8;9;59;7;2;U;IMAGINA BUR;105
4;2015;5;1;8;9;59;7;2;U;PCAS-TC;4
4;2015;5;1;8;9;59;7;2;U;PP;248
4;2015;5;1;8;9;59;7;2;U;PSOE;101
4;2015;5;1;8;9;59;7;2;U;PORBUR;24
4;2015;5;1;8;9;59;7;2;U;SAIn;12
4;2015;5;1;8;9;59;7;2;U;UPYD;12
4;2015;5;1;8;9;59;7;2;U;VOX;17
4;2015;5;1;8;9;59;7;3;A;C's;62
4;2015;5;1;8;9;59;7;3;A;IMAGINA BUR;81
4;2015;5;1;8;9;59;7;3;A;PCAS-TC;6
4;2015;5;1;8;9;59;7;3;A;PP;147
4;2015;5;1;8;9;59;7;3;A;PSOE;81
4;2015;5;1;8;9;59;7;3;A;PORBUR;10
4;2015;5;1;8;9;59;7;3;A;SAIn;3
4;2015;5;1;8;9;59;7;3;A;UPYD;8
4;2015;5;1;8;9;59;7;3;A;VOX;8
4;2015;5;1;8;9;59;7;3;B;C's;78
4;2015;5;1;8;9;59;7;3;B;IMAGINA BUR;86
4;2015;5;1;8;9;59;7;3;B;PCAS-TC;3
4;2015;5;1;8;9;59;7;3;B;PP;146
4;2015;5;1;8;9;59;7;3;B;PSOE;72
4;2015;5;1;8;9;59;7;3;B;PORBUR;11
4;2015;5;1;8;9;59;7;3;B;SAIn;3
4;2015;5;1;8;9;59;7;3;B;UPYD;8
4;2015;5;1;8;9;59;7;3;B;VOX;14
4;2015;5;1;8;9;59;7;4;U;C's;59
4;2015;5;1;8;9;59;7;4;U;IMAGINA BUR;103
4;2015;5;1;8;9;59;7;4;U;PCAS-TC;7
4;2015;5;1;8;9;59;7;4;U;PP;249
4;2015;5;1;8;9;59;7;4;U;PSOE;116
4;2015;5;1;8;9;59;7;4;U;PORBUR;4
4;2015;5;1;8;9;59;7;4;U;SAIn;0
4;2015;5;1;8;9;59;7;4;U;UPYD;4
4;2015;5;1;8;9;59;7;4;U;VOX;18
4;2015;5;1;8;9;59;7;5;U;C's;56
4;2015;5;1;8;9;59;7;5;U;IMAGINA BUR;78
4;2015;5;1;8;9;59;7;5;U;PCAS-TC;6
4;2015;5;1;8;9;59;7;5;U;PP;139
4;2015;5;1;8;9;59;7;5;U;PSOE;94
4;2015;5;1;8;9;59;7;5;U;PORBUR;8
4;2015;5;1;8;9;59;7;5;U;SAIn;3
4;2015;5;1;8;9;59;7;5;U;UPYD;9
4;2015;5;1;8;9;59;7;5;U;VOX;7
4;2015;5;1;8;9;59;7;6;A;C's;41
4;2015;5;1;8;9;59;7;6;A;IMAGINA BUR;56
4;2015;5;1;8;9;59;7;6;A;PCAS-TC;1
4;2015;5;1;8;9;59;7;6;A;PP;78
4;2015;5;1;8;9;59;7;6;A;PSOE;69
4;2015;5;1;8;9;59;7;6;A;PORBUR;24
4;2015;5;1;8;9;59;7;6;A;SAIn;1
4;2015;5;1;8;9;59;7;6;A;UPYD;7
4;2015;5;1;8;9;59;7;6;A;VOX;7
4;2015;5;1;8;9;59;5;24;B;PCAS-TC;7
4;2015;5;1;8;9;59;5;24;B;PP;104
4;2015;5;1;8;9;59;5;24;B;PSOE;109
4;2015;5;1;8;9;59;5;24;B;PORBUR;11
4;2015;5;1;8;9;59;5;24;B;SAIn;6
4;2015;5;1;8;9;59;5;24;B;UPYD;14
4;2015;5;1;8;9;59;5;24;B;VOX;5
4;2015;5;1;8;9;59;5;25;A;C's;48
4;2015;5;1;8;9;59;5;25;A;IMAGINA BUR;72
4;2015;5;1;8;9;59;5;25;A;PCAS-TC;0
4;2015;5;1;8;9;59;5;25;A;PP;170
4;2015;5;1;8;9;59;5;25;A;PSOE;50
4;2015;5;1;8;9;59;5;25;A;PORBUR;19
4;2015;5;1;8;9;59;5;25;A;SAIn;2
4;2015;5;1;8;9;59;5;25;A;UPYD;4
4;2015;5;1;8;9;59;5;25;A;VOX;8
4;2015;5;1;8;9;59;5;25;B;C's;41
4;2015;5;1;8;9;59;5;25;B;IMAGINA BUR;47
4;2015;5;1;8;9;59;5;25;B;PCAS-TC;2
4;2015;5;1;8;9;59;5;25;B;PP;191
4;2015;5;1;8;9;59;5;25;B;PSOE;55
4;2015;5;1;8;9;59;5;25;B;PORBUR;10
4;2015;5;1;8;9;59;5;25;B;SAIn;2
4;2015;5;1;8;9;59;3;6;A;VOX;9
4;2015;5;1;8;9;59;3;6;B;C's;76
4;2015;5;1;8;9;59;3;6;B;IMAGINA BUR;128
4;2015;5;1;8;9;59;3;6;B;PCAS-TC;3
4;2015;5;1;8;9;59;3;6;B;PP;127
4;2015;5;1;8;9;59;3;6;B;PSOE;145
4;2015;5;1;8;9;59;3;6;B;PORBUR;15
4;2015;5;1;8;9;59;3;6;B;SAIn;2
4;2015;5;1;8;9;59;3;6;B;UPYD;14
4;2015;5;1;8;9;59;3;6;B;VOX;7
4;2015;5;1;8;9;59;3;7;A;C's;51
4;2015;5;1;8;9;59;3;7;A;IMAGINA BUR;56
4;2015;5;1;8;9;59;3;7;A;PCAS-TC;4
4;2015;5;1;8;9;59;3;7;A;PP;149
4;2015;5;1;8;9;59;3;7;A;PSOE;58
4;2015;5;1;8;9;59;3;7;A;PORBUR;11
4;2015;5;1;8;9;59;3;7;A;SAIn;1
4;2015;5;1;8;9;59;3;7;A;UPYD;6
4;2015;5;1;8;9;59;3;7;A;VOX;9
4;2015;5;1;8;9;59;3;7;B;C's;39
4;2015;5;1;8;9;59;3;7;B;IMAGINA BUR;51
4;2015;5;1;8;9;59;3;7;B;PCAS-TC;1
4;2015;5;1;8;9;59;3;7;B;PP;140
4;2015;5;1;8;9;59;3;7;B;PSOE;57
4;2015;5;1;8;9;59;3;7;B;PORBUR;11
4;2015;5;1;8;9;59;3;7;B;SAIn;2
4;2015;5;1;8;9;59;3;7;B;UPYD;4
4;2015;5;1;8;9;59;3;7;B;VOX;5
4;2015;5;1;8;9;59;3;8;A;C's;61
4;2015;5;1;8;9;59;3;8;A;IMAGINA BUR;69
4;2015;5;1;8;9;59;3;8;A;PCAS-TC;2
4;2015;5;1;8;9;59;3;8;A;PP;102
4;2015;5;1;8;9;59;3;8;A;PSOE;83
4;2015;5;1;8;9;59;3;8;A;PORBUR;6
4;2015;5;1;8;9;59;3;8;A;SAIn;6
4;2015;5;1;8;9;59;3;8;A;UPYD;8
4;2015;5;1;8;9;59;3;8;A;VOX;3
4;2015;5;1;8;9;59;3;8;B;C's;51
4;2015;5;1;8;9;59;3;8;B;IMAGINA BUR;86
4;2015;5;1;8;9;59;3;8;B;PCAS-TC;7
4;2015;5;1;8;9;59;3;8;B;PP;95
4;2015;5;1;8;9;59;5;25;B;UPYD;5
4;2015;5;1;8;9;59;5;25;B;VOX;20
4;2015;5;1;8;9;59;5;26;U;C's;108
4;2015;5;1;8;9;59;5;26;U;IMAGINA BUR;71
4;2015;5;1;8;9;59;5;26;U;PCAS-TC;3
4;2015;5;1;8;9;59;5;26;U;PP;318
4;2015;5;1;8;9;59;5;26;U;PSOE;46
4;2015;5;1;8;9;59;5;26;U;PORBUR;16
4;2015;5;1;8;9;59;5;26;U;SAIn;0
4;2015;5;1;8;9;59;5;26;U;UPYD;12
4;2015;5;1;8;9;59;5;26;U;VOX;19
4;2015;5;1;8;9;59;5;27;U;C's;84
4;2015;5;1;8;9;59;5;27;U;IMAGINA BUR;64
4;2015;5;1;8;9;59;5;27;U;PCAS-TC;2
4;2015;5;1;8;9;59;5;27;U;PP;265
4;2015;5;1;8;9;59;5;27;U;PSOE;62
4;2015;5;1;8;9;59;5;27;U;PORBUR;13
4;2015;5;1;8;9;59;5;27;U;SAIn;1
4;2015;5;1;8;9;59;5;27;U;UPYD;11
4;2015;5;1;8;9;59;5;27;U;VOX;32
4;2015;5;1;8;9;59;5;28;U;C's;92
4;2015;5;1;8;9;59;5;28;U;IMAGINA BUR;39
4;2015;5;1;8;9;59;5;28;U;PCAS-TC;4
4;2015;5;1;8;9;59;5;28;U;PP;251
4;2015;5;1;8;9;59;5;28;U;PSOE;44
4;2015;5;1;8;9;59;5;28;U;PORBUR;2
4;2015;5;1;8;9;59;5;28;U;SAIn;1
4;2015;5;1;8;9;59;5;28;U;UPYD;19
4;2015;5;1;8;9;59;5;28;U;VOX;18
4;2015;5;1;8;9;59;5;29;U;C's;43
4;2015;5;1;8;9;59;5;29;U;IMAGINA BUR;62
4;2015;5;1;8;9;59;5;29;U;PCAS-TC;3
4;2015;5;1;8;9;59;5;29;U;PP;177
4;2015;5;1;8;9;59;5;29;U;PSOE;86
4;2015;5;1;8;9;59;5;29;U;PORBUR;13
4;2015;5;1;8;9;59;5;29;U;SAIn;2
4;2015;5;1;8;9;59;5;29;U;UPYD;6
4;2015;5;1;8;9;59;5;29;U;VOX;17
4;2015;5;1;8;9;59;5;30;U;C's;32
4;2015;5;1;8;9;59;5;30;U;IMAGINA BUR;117
4;2015;5;1;8;9;59;5;30;U;PCAS-TC;2
4;2015;5;1;8;9;59;5;30;U;PP;95
4;2015;5;1;8;9;59;5;30;U;PSOE;129
4;2015;5;1;8;9;59;5;30;U;PORBUR;10
4;2015;5;1;8;9;59;5;30;U;SAIn;2
4;2015;5;1;8;9;59;5;30;U;UPYD;14
4;2015;5;1;8;9;59;5;30;U;VOX;17
4;2015;5;1;8;9;59;5;31;U;C's;82
4;2015;5;1;8;9;59;5;31;U;IMAGINA BUR;128
4;2015;5;1;8;9;59;5;31;U;PCAS-TC;2
4;2015;5;1;8;9;59;5;31;U;PP;149
4;2015;5;1;8;9;59;5;31;U;PSOE;99
4;2015;5;1;8;9;59;5;31;U;PORBUR;14
4;2015;5;1;8;9;59;5;31;U;SAIn;2
4;2015;5;1;8;9;59;5;31;U;UPYD;10
4;2015;5;1;8;9;59;5;31;U;VOX;15
4;2015;5;1;8;9;59;5;32;A;C's;56
4;2015;5;1;8;9;59;5;32;A;IMAGINA BUR;75
4;2015;5;1;8;9;59;5;32;A;PCAS-TC;3
4;2015;5;1;8;9;59;5;32;A;PP;150
4;2015;5;1;8;9;59;5;32;A;PSOE;68
4;2015;5;1;8;9;59;5;32;A;PORBUR;9
4;2015;5;1;8;9;59;5;32;A;SAIn;0
4;2015;5;1;8;9;59;5;32;A;UPYD;10
4;2015;5;1;8;9;59;5;32;A;VOX;14
4;2015;5;1;8;9;59;5;32;B;C's;71
4;2015;5;1;8;9;59;5;32;B;IMAGINA BUR;55
4;2015;5;1;8;9;59;5;32;B;PCAS-TC;1
4;2015;5;1;8;9;59;5;32;B;PP;134
4;2015;5;1;8;9;59;5;32;B;PSOE;76
4;2015;5;1;8;9;59;5;32;B;PORBUR;11
4;2015;5;1;8;9;59;5;32;B;SAIn;3
4;2015;5;1;8;9;59;5;32;B;UPYD;13
4;2015;5;1;8;9;59;5;32;B;VOX;8
4;2015;5;1;8;9;59;5;33;A;C's;75
4;2015;5;1;8;9;59;5;33;A;IMAGINA BUR;122
4;2015;5;1;8;9;59;5;33;A;PCAS-TC;5
4;2015;5;1;8;9;59;5;33;A;PP;152
4;2015;5;1;8;9;59;5;33;A;PSOE;111
4;2015;5;1;8;9;59;5;33;A;PORBUR;17
4;2015;5;1;8;9;59;5;33;A;SAIn;1
4;2015;5;1;8;9;59;5;33;A;UPYD;10
4;2015;5;1;8;9;59;5;33;A;VOX;18
4;2015;5;1;8;9;59;5;33;B;C's;98
4;2015;5;1;8;9;59;5;33;B;IMAGINA BUR;114
4;2015;5;1;8;9;59;5;33;B;PCAS-TC;12
4;2015;5;1;8;9;59;5;33;B;PP;160
4;2015;5;1;8;9;59;5;33;B;PSOE;99
4;2015;5;1;8;9;59;5;33;B;PORBUR;17
4;2015;5;1;8;9;59;5;33;B;SAIn;2
4;2015;5;1;8;9;59;5;33;B;UPYD;10
4;2015;5;1;8;9;59;5;33;B;VOX;13
4;2015;5;1;8;9;59;5;34;U;C's;40
4;2015;5;1;8;9;59;5;34;U;IMAGINA BUR;51
4;2015;5;1;8;9;59;5;34;U;PCAS-TC;1
4;2015;5;1;8;9;59;5;34;U;PP;165
4;2015;5;1;8;9;59;5;34;U;PSOE;65
4;2015;5;1;8;9;59;5;34;U;PORBUR;10
4;2015;5;1;8;9;59;5;34;U;SAIn;5
4;2015;5;1;8;9;59;5;34;U;UPYD;5
4;2015;5;1;8;9;59;5;34;U;VOX;13
4;2015;5;1;8;9;59;5;35;A;C's;69
4;2015;5;1;8;9;59;5;35;A;IMAGINA BUR;84
4;2015;5;1;8;9;59;9;16;A;PP;111
4;2015;5;1;8;9;59;9;16;A;PSOE;156
4;2015;5;1;8;9;59;9;16;A;PORBUR;8
4;2015;5;1;8;9;59;9;16;A;SAIn;0
4;2015;5;1;8;9;59;9;16;A;UPYD;17
4;2015;5;1;8;9;59;9;16;A;VOX;3
4;2015;5;1;8;9;59;9;16;B;C's;73
4;2015;5;1;8;9;59;9;16;B;IMAGINA BUR;82
4;2015;5;1;8;9;59;9;16;B;PCAS-TC;9
4;2015;5;1;8;9;59;9;16;B;PP;110
4;2015;5;1;8;9;59;9;16;B;PSOE;81
4;2015;5;1;8;9;59;9;16;B;PORBUR;9
4;2015;5;1;8;9;59;9;16;B;SAIn;0
4;2015;5;1;8;9;59;9;16;B;UPYD;11
4;2015;5;1;8;9;59;9;16;B;VOX;10
4;2015;5;1;8;9;59;9;16;C;C's;20
4;2015;5;1;8;9;59;9;16;C;IMAGINA BUR;31
4;2015;5;1;8;9;59;9;16;C;PCAS-TC;2
4;2015;5;1;8;9;59;9;16;C;PP;45
4;2015;5;1;8;9;59;9;16;C;PSOE;28
4;2015;5;1;8;9;59;9;16;C;PORBUR;1
4;2015;5;1;8;9;59;9;16;C;SAIn;0
4;2015;5;1;8;9;59;9;16;C;UPYD;5
4;2015;5;1;8;9;59;9;16;C;VOX;2
4;2015;5;1;8;9;59;9;17;U;C's;39
4;2015;5;1;8;9;59;9;17;U;IMAGINA BUR;93
4;2015;5;1;8;9;59;9;17;U;PCAS-TC;2
4;2015;5;1;8;9;59;9;17;U;PP;112
4;2015;5;1;8;9;59;9;17;U;PSOE;141
4;2015;5;1;8;9;59;9;17;U;PORBUR;5
4;2015;5;1;8;9;59;9;17;U;SAIn;2
4;2015;5;1;8;9;59;9;17;U;UPYD;7
4;2015;5;1;8;9;59;9;17;U;VOX;4
4;2015;5;1;8;9;59;9;18;U;C's;23
4;2015;5;1;8;9;59;9;18;U;IMAGINA BUR;68
4;2015;5;1;8;9;59;9;18;U;PCAS-TC;3
4;2015;5;1;8;9;59;9;18;U;PP;111
4;2015;5;1;8;9;59;9;18;U;PSOE;107
4;2015;5;1;8;9;59;9;18;U;PORBUR;2
4;2015;5;1;8;9;59;9;18;U;SAIn;0
4;2015;5;1;8;9;59;9;18;U;UPYD;4
4;2015;5;1;8;9;59;3;8;B;PSOE;86
4;2015;5;1;8;9;59;3;8;B;PORBUR;9
4;2015;5;1;8;9;59;3;8;B;SAIn;1
4;2015;5;1;8;9;59;3;8;B;UPYD;15
4;2015;5;1;8;9;59;3;8;B;VOX;8
4;2015;5;1;8;9;59;3;9;A;C's;68
4;2015;5;1;8;9;59;3;9;A;IMAGINA BUR;127
4;2015;5;1;8;9;59;3;9;A;PCAS-TC;8
4;2015;5;1;8;9;59;3;9;A;PP;98
4;2015;5;1;8;9;59;3;9;A;PSOE;115
4;2015;5;1;8;9;59;3;9;A;PORBUR;12
4;2015;5;1;8;9;59;3;9;A;SAIn;3
4;2015;5;1;8;9;59;3;9;A;UPYD;10
4;2015;5;1;8;9;59;3;9;A;VOX;11
4;2015;5;1;8;9;59;3;9;B;C's;80
4;2015;5;1;8;9;59;3;9;B;IMAGINA BUR;152
4;2015;5;1;8;9;59;3;9;B;PCAS-TC;4
4;2015;5;1;8;9;59;3;9;B;PP;149
4;2015;5;1;8;9;59;3;9;B;PSOE;106
4;2015;5;1;8;9;59;3;9;B;PORBUR;16
4;2015;5;1;8;9;59;3;9;B;SAIn;5
4;2015;5;1;8;9;59;3;9;B;UPYD;17
4;2015;5;1;8;9;59;3;9;B;VOX;11
4;2015;5;1;8;9;59;3;10;A;C's;97
4;2015;5;1;8;9;59;3;10;A;IMAGINA BUR;120
4;2015;5;1;8;9;59;3;10;A;PCAS-TC;8
4;2015;5;1;8;9;59;3;10;A;PP;74
4;2015;5;1;8;9;59;3;10;A;PSOE;106
4;2015;5;1;8;9;59;3;10;A;PORBUR;11
4;2015;5;1;8;9;59;3;10;A;SAIn;12
4;2015;5;1;8;9;59;3;10;A;UPYD;16
4;2015;5;1;8;9;59;3;10;A;VOX;6
4;2015;5;1;8;9;59;3;10;B;C's;79
4;2015;5;1;8;9;59;3;10;B;IMAGINA BUR;129
4;2015;5;1;8;9;59;3;10;B;PCAS-TC;4
4;2015;5;1;8;9;59;3;10;B;PP;78
4;2015;5;1;8;9;59;3;10;B;PSOE;89
4;2015;5;1;8;9;59;3;10;B;PORBUR;9
4;2015;5;1;8;9;59;3;10;B;SAIn;6
4;2015;5;1;8;9;59;3;10;B;UPYD;15
4;2015;5;1;8;9;59;3;10;B;VOX;7
4;2015;5;1;8;9;59;3;11;U;C's;93
4;2015;5;1;8;9;59;3;11;U;IMAGINA BUR;171
4;2015;5;1;8;9;59;3;11;U;PCAS-TC;7
4;2015;5;1;8;9;59;3;11;U;PP;79
4;2015;5;1;8;9;59;3;11;U;PSOE;103
4;2015;5;1;8;9;59;3;11;U;PORBUR;16
4;2015;5;1;8;9;59;3;11;U;SAIn;0
4;2015;5;1;8;9;59;3;11;U;UPYD;7
4;2015;5;1;8;9;59;3;11;U;VOX;10
4;2015;5;1;8;9;59;4;1;U;C's;58
4;2015;5;1;8;9;59;4;1;U;IMAGINA BUR;141
4;2015;5;1;8;9;59;4;1;U;PCAS-TC;4
4;2015;5;1;8;9;59;4;1;U;PP;165
4;2015;5;1;8;9;59;4;1;U;PSOE;107
4;2015;5;1;8;9;59;4;1;U;PORBUR;12
4;2015;5;1;8;9;59;4;1;U;SAIn;4
4;2015;5;1;8;9;59;4;1;U;UPYD;10
4;2015;5;1;8;9;59;4;1;U;VOX;22
4;2015;5;1;8;9;59;4;2;U;C's;37
4;2015;5;1;8;9;59;4;2;U;IMAGINA BUR;92
4;2015;5;1;8;9;59;4;2;U;PCAS-TC;5
4;2015;5;1;8;9;59;4;2;U;PP;147
4;2015;5;1;8;9;59;4;2;U;PSOE;96
4;2015;5;1;8;9;59;4;2;U;PORBUR;6
4;2015;5;1;8;9;59;4;2;U;SAIn;3
4;2015;5;1;8;9;59;4;2;U;UPYD;4
4;2015;5;1;8;9;59;4;2;U;VOX;11
4;2015;5;1;8;9;59;4;3;U;C's;34
4;2015;5;1;8;9;59;4;3;U;IMAGINA BUR;113
4;2015;5;1;8;9;59;4;3;U;PCAS-TC;7
4;2015;5;1;8;9;59;4;3;U;PP;69
4;2015;5;1;8;9;59;4;3;U;PSOE;64
4;2015;5;1;8;9;59;4;3;U;PORBUR;7
4;2015;5;1;8;9;59;4;3;U;SAIn;2
4;2015;5;1;8;9;59;4;3;U;UPYD;5
4;2015;5;1;8;9;59;4;3;U;VOX;4
4;2015;5;1;8;9;59;4;4;U;C's;24
4;2015;5;1;8;9;59;4;4;U;IMAGINA BUR;124
4;2015;5;1;8;9;59;4;4;U;PCAS-TC;5
4;2015;5;1;8;9;59;4;4;U;PP;86
4;2015;5;1;8;9;59;4;4;U;PSOE;76
4;2015;5;1;8;9;59;4;4;U;PORBUR;6
4;2015;5;1;8;9;59;4;4;U;SAIn;6
4;2015;5;1;8;9;59;4;4;U;UPYD;10
4;2015;5;1;8;9;59;4;4;U;VOX;5
4;2015;5;1;8;9;59;5;1;A;C's;46
4;2015;5;1;8;9;59;5;1;A;IMAGINA BUR;67
4;2015;5;1;8;9;59;5;1;A;PCAS-TC;5
4;2015;5;1;8;9;59;5;1;A;PP;106
4;2015;5;1;8;9;59;5;1;A;PSOE;83
4;2015;5;1;8;9;59;5;1;A;PORBUR;12
4;2015;5;1;8;9;59;5;1;A;SAIn;3
4;2015;5;1;8;9;59;5;1;A;UPYD;6
4;2015;5;1;8;9;59;5;1;A;VOX;10
4;2015;5;1;8;9;59;5;1;B;C's;37
4;2015;5;1;8;9;59;5;1;B;IMAGINA BUR;80
4;2015;5;1;8;9;59;5;1;B;PCAS-TC;6
4;2015;5;1;8;9;59;5;35;A;PCAS-TC;3
4;2015;5;1;8;9;59;5;35;A;PP;62
4;2015;5;1;8;9;59;5;35;A;PSOE;68
4;2015;5;1;8;9;59;5;35;A;PORBUR;6
4;2015;5;1;8;9;59;5;35;A;SAIn;1
4;2015;5;1;8;9;59;5;35;A;UPYD;14
4;2015;5;1;8;9;59;5;35;A;VOX;4
4;2015;5;1;8;9;59;5;35;B;C's;63
4;2015;5;1;8;9;59;5;35;B;IMAGINA BUR;65
4;2015;5;1;8;9;59;5;35;B;PCAS-TC;2
4;2015;5;1;8;9;59;5;35;B;PP;61
4;2015;5;1;8;9;59;5;35;B;PSOE;83
4;2015;5;1;8;9;59;5;35;B;PORBUR;10
4;2015;5;1;8;9;59;9;18;U;VOX;7
4;2015;5;1;8;9;59;9;19;U;C's;65
4;2015;5;1;8;9;59;9;19;U;IMAGINA BUR;146
4;2015;5;1;8;9;59;9;19;U;PCAS-TC;6
4;2015;5;1;8;9;59;9;19;U;PP;126
4;2015;5;1;8;9;59;9;19;U;PSOE;156
4;2015;5;1;8;9;59;9;19;U;PORBUR;11
4;2015;5;1;8;9;59;9;19;U;SAIn;2
4;2015;5;1;8;9;59;9;19;U;UPYD;13
4;2015;5;1;8;9;59;9;19;U;VOX;8
4;2015;5;1;8;9;59;9;20;U;C's;37
4;2015;5;1;8;9;59;9;20;U;IMAGINA BUR;70
4;2015;5;1;8;9;59;9;20;U;PCAS-TC;0
4;2015;5;1;8;9;59;9;20;U;PP;113
4;2015;5;1;8;9;59;9;20;U;PSOE;100
4;2015;5;1;8;9;59;9;20;U;PORBUR;9
4;2015;5;1;8;9;59;9;20;U;SAIn;1
4;2015;5;1;8;9;59;9;20;U;UPYD;13
4;2015;5;1;8;9;59;9;20;U;VOX;12
4;2015;5;1;8;9;59;9;21;A;C's;24
4;2015;5;1;8;9;59;9;21;A;IMAGINA BUR;63
4;2015;5;1;8;9;59;9;21;A;PCAS-TC;2
4;2015;5;1;8;9;59;9;21;A;PP;115
4;2015;5;1;8;9;59;9;21;A;PSOE;105
4;2015;5;1;8;9;59;9;21;A;PORBUR;7
4;2015;5;1;8;9;59;9;21;A;SAIn;2
4;2015;5;1;8;9;59;9;21;A;UPYD;4
4;2015;5;1;8;9;59;9;21;A;VOX;4
4;2015;5;1;8;9;59;9;21;B;C's;39
4;2015;5;1;8;9;59;9;21;B;IMAGINA BUR;49
4;2015;5;1;8;9;59;9;21;B;PCAS-TC;5
4;2015;5;1;8;9;59;9;21;B;PP;119
4;2015;5;1;8;9;59;9;21;B;PSOE;91
4;2015;5;1;8;9;59;9;21;B;PORBUR;9
4;2015;5;1;8;9;59;9;21;B;SAIn;2
4;2015;5;1;8;9;59;9;21;B;UPYD;5
4;2015;5;1;8;9;59;9;21;B;VOX;5
4;2015;5;1;8;9;59;9;22;A;C's;25
4;2015;5;1;8;9;59;9;22;A;IMAGINA BUR;58
4;2015;5;1;8;9;59;9;22;A;PCAS-TC;2
4;2015;5;1;8;9;59;9;22;A;PP;86
4;2015;5;1;8;9;59;9;22;A;PSOE;88
4;2015;5;1;8;9;59;9;22;A;PORBUR;5
4;2015;5;1;8;9;59;9;22;A;SAIn;0
4;2015;5;1;8;9;59;9;22;A;UPYD;8
4;2015;5;1;8;9;59;9;22;A;VOX;7
4;2015;5;1;8;9;59;9;22;B;C's;26
4;2015;5;1;8;9;59;9;22;B;IMAGINA BUR;48
4;2015;5;1;8;9;59;9;22;B;PCAS-TC;0
4;2015;5;1;8;9;59;9;22;B;PP;88
4;2015;5;1;8;9;59;9;22;B;PSOE;87
4;2015;5;1;8;9;59;9;22;B;PORBUR;5
4;2015;5;1;8;9;59;9;22;B;SAIn;2
4;2015;5;1;8;9;59;9;22;B;UPYD;11
4;2015;5;1;8;9;59;9;22;B;VOX;5
4;2015;5;1;8;9;59;9;23;A;C's;48
4;2015;5;1;8;9;59;9;23;A;IMAGINA BUR;101
4;2015;5;1;8;9;59;9;23;A;PCAS-TC;6
4;2015;5;1;8;9;59;9;23;A;PP;105
4;2015;5;1;8;9;59;9;23;A;PSOE;150
4;2015;5;1;8;9;59;9;23;A;PORBUR;11
4;2015;5;1;8;9;59;9;23;A;SAIn;1
4;2015;5;1;8;9;59;9;23;A;UPYD;3
4;2015;5;1;8;9;59;9;23;A;VOX;3
4;2015;5;1;8;9;59;9;23;B;C's;49
4;2015;5;1;8;9;59;9;23;B;IMAGINA BUR;109
4;2015;5;1;8;9;59;9;23;B;PCAS-TC;6
4;2015;5;1;8;9;59;9;23;B;PP;94
4;2015;5;1;8;9;59;9;23;B;PSOE;125
4;2015;5;1;8;9;59;9;23;B;PORBUR;10
4;2015;5;1;8;9;59;9;23;B;SAIn;1
4;2015;5;1;8;9;59;9;23;B;UPYD;5
4;2015;5;1;8;9;59;9;23;B;VOX;3
4;2015;5;1;8;9;59;9;24;A;C's;43
4;2015;5;1;8;9;59;9;24;A;IMAGINA BUR;115
4;2015;5;1;8;9;59;9;24;A;PCAS-TC;1
4;2015;5;1;8;9;59;9;24;A;PP;63
4;2015;5;1;8;9;59;9;24;A;PSOE;124
4;2015;5;1;8;9;59;9;24;A;PORBUR;9
4;2015;5;1;8;9;59;9;24;A;SAIn;0
4;2015;5;1;8;9;59;9;24;A;UPYD;7
4;2015;5;1;8;9;59;9;24;A;VOX;11
4;2015;5;1;8;9;59;9;24;B;C's;60
4;2015;5;1;8;9;59;9;24;B;IMAGINA BUR;101
4;2015;5;1;8;9;59;9;24;B;PCAS-TC;4
4;2015;5;1;8;9;59;9;24;B;PP;50
4;2015;5;1;8;9;59;9;24;B;PSOE;110
4;2015;5;1;8;9;59;9;24;B;PORBUR;9
4;2015;5;1;8;9;59;9;24;B;SAIn;5
4;2015;5;1;8;9;59;9;24;B;UPYD;5
4;2015;5;1;8;9;59;9;24;B;VOX;2
4;2015;5;1;8;9;59;9;25;U;C's;47
4;2015;5;1;8;9;59;9;25;U;IMAGINA BUR;121
4;2015;5;1;8;9;59;9;25;U;PCAS-TC;2
4;2015;5;1;8;9;59;9;25;U;PP;100
4;2015;5;1;8;9;59;9;25;U;PSOE;191
4;2015;5;1;8;9;59;9;25;U;PORBUR;12
4;2015;5;1;8;9;59;9;25;U;SAIn;1
4;2015;5;1;8;9;59;5;49;U;IMAGINA BUR;93
4;2015;5;1;8;9;59;5;49;U;PCAS-TC;8
4;2015;5;1;8;9;59;5;49;U;PP;153
4;2015;5;1;8;9;59;5;49;U;PSOE;108
4;2015;5;1;8;9;59;5;49;U;PORBUR;12
4;2015;5;1;8;9;59;5;49;U;SAIn;7
4;2015;5;1;8;9;59;5;49;U;UPYD;12
4;2015;5;1;8;9;59;5;49;U;VOX;18
4;2015;5;1;8;9;59;5;50;U;C's;116
4;2015;5;1;8;9;59;5;50;U;IMAGINA BUR;104
4;2015;5;1;8;9;59;5;50;U;PCAS-TC;11
4;2015;5;1;8;9;59;5;50;U;PP;137
4;2015;5;1;8;9;59;5;50;U;PSOE;91
4;2015;5;1;8;9;59;5;50;U;PORBUR;20
4;2015;5;1;8;9;59;5;50;U;SAIn;5
4;2015;5;1;8;9;59;5;50;U;UPYD;8
4;2015;5;1;8;9;59;5;50;U;VOX;28
4;2015;5;1;8;9;59;6;1;U;C's;34
4;2015;5;1;8;9;59;6;1;U;IMAGINA BUR;58
4;2015;5;1;8;9;59;6;1;U;PCAS-TC;0
4;2015;5;1;8;9;59;6;1;U;PP;179
4;2015;5;1;8;9;59;6;1;U;PSOE;63
4;2015;5;1;8;9;59;6;1;U;PORBUR;13
4;2015;5;1;8;9;59;6;1;U;SAIn;3
4;2015;5;1;8;9;59;6;1;U;UPYD;12
4;2015;5;1;8;9;59;6;1;U;VOX;11
4;2015;5;1;8;9;59;6;2;U;C's;58
4;2015;5;1;8;9;59;6;2;U;IMAGINA BUR;74
4;2015;5;1;8;9;59;6;2;U;PCAS-TC;4
4;2015;5;1;8;9;59;6;2;U;PP;157
4;2015;5;1;8;9;59;6;2;U;PSOE;50
4;2015;5;1;8;9;59;6;2;U;PORBUR;11
4;2015;5;1;8;9;59;6;2;U;SAIn;2
4;2015;5;1;8;9;59;6;2;U;UPYD;1
4;2015;5;1;8;9;59;6;2;U;VOX;13
4;2015;5;1;8;9;59;6;3;U;C's;59
4;2015;5;1;8;9;59;6;3;U;IMAGINA BUR;57
4;2015;5;1;8;9;59;6;3;U;PCAS-TC;4
4;2015;5;1;8;9;59;6;3;U;PP;167
4;2015;5;1;8;9;59;6;3;U;PSOE;54
4;2015;5;1;8;9;59;6;3;U;PORBUR;8
4;2015;5;1;8;9;59;6;3;U;SAIn;4
4;2015;5;1;8;9;59;6;3;U;UPYD;6
4;2015;5;1;8;9;59;6;3;U;VOX;12
4;2015;5;1;8;9;59;6;4;A;C's;48
4;2015;5;1;8;9;59;6;4;A;IMAGINA BUR;60
4;2015;5;1;8;9;59;6;4;A;PCAS-TC;2
4;2015;5;1;8;9;59;6;4;A;PP;150
4;2015;5;1;8;9;59;6;4;A;PSOE;68
4;2015;5;1;8;9;59;6;4;A;PORBUR;8
4;2015;5;1;8;9;59;6;4;A;SAIn;2
4;2015;5;1;8;9;59;6;4;A;UPYD;5
4;2015;5;1;8;9;59;6;4;A;VOX;8
4;2015;5;1;8;9;59;6;4;B;C's;50
4;2015;5;1;8;9;59;6;4;B;IMAGINA BUR;57
4;2015;5;1;8;9;59;6;4;B;PCAS-TC;3
4;2015;5;1;8;9;59;6;4;B;PP;119
4;2015;5;1;8;9;59;6;4;B;PSOE;58
4;2015;5;1;8;9;59;6;4;B;PORBUR;11
4;2015;5;1;8;9;59;6;4;B;SAIn;2
4;2015;5;1;8;9;59;6;4;B;UPYD;14
4;2015;5;1;8;9;59;6;4;B;VOX;13
4;2015;5;1;8;9;59;6;5;A;C's;47
4;2015;5;1;8;9;59;6;5;A;IMAGINA BUR;60
4;2015;5;1;8;9;59;6;5;A;PCAS-TC;1
4;2015;5;1;8;9;59;6;5;A;PP;108
4;2015;5;1;8;9;59;6;5;A;PSOE;66
4;2015;5;1;8;9;59;6;5;A;PORBUR;9
4;2015;5;1;8;9;59;6;5;A;SAIn;5
4;2015;5;1;8;9;59;6;5;A;UPYD;8
4;2015;5;1;8;9;59;6;5;A;VOX;7
4;2015;5;1;8;9;59;6;5;B;C's;33
4;2015;5;1;8;9;59;6;5;B;IMAGINA BUR;52
4;2015;5;1;8;9;59;6;5;B;PCAS-TC;6
4;2015;5;1;8;9;59;6;5;B;PP;144
4;2015;5;1;8;9;59;6;5;B;PSOE;75
4;2015;5;1;8;9;59;6;5;B;PORBUR;8
4;2015;5;1;8;9;59;6;5;B;SAIn;4
4;2015;5;1;8;9;59;6;5;B;UPYD;5
4;2015;5;1;8;9;59;6;5;B;VOX;8
4;2015;5;1;8;9;59;6;6;A;C's;42
4;2015;5;1;8;9;59;6;6;A;IMAGINA BUR;72
4;2015;5;1;8;9;59;6;6;A;PCAS-TC;0
4;2015;5;1;8;9;59;6;6;A;PP;131
4;2015;5;1;8;9;59;6;6;A;PSOE;60
4;2015;5;1;8;9;59;6;6;A;PORBUR;12
4;2015;5;1;8;9;59;6;6;A;SAIn;2
4;2015;5;1;8;9;59;6;6;A;UPYD;6
4;2015;5;1;8;9;59;6;6;A;VOX;11
4;2015;5;1;8;9;59;6;6;B;C's;50
4;2015;5;1;8;9;59;6;6;B;IMAGINA BUR;68
4;2015;5;1;8;9;59;6;6;B;PCAS-TC;2
4;2015;5;1;8;9;59;6;6;B;PP;97
4;2015;5;1;8;9;59;6;6;B;PSOE;58
4;2015;5;1;8;9;59;9;25;U;UPYD;12
4;2015;5;1;8;9;59;9;25;U;VOX;11
4;2015;5;1;8;9;59;5;1;B;PP;111
4;2015;5;1;8;9;59;5;1;B;PSOE;86
4;2015;5;1;8;9;59;5;1;B;PORBUR;9
4;2015;5;1;8;9;59;5;1;B;SAIn;3
4;2015;5;1;8;9;59;5;1;B;UPYD;5
4;2015;5;1;8;9;59;5;1;B;VOX;7
4;2015;5;1;8;9;59;5;2;U;C's;94
4;2015;5;1;8;9;59;5;2;U;IMAGINA BUR;85
4;2015;5;1;8;9;59;5;2;U;PCAS-TC;4
4;2015;5;1;8;9;59;5;2;U;PP;206
4;2015;5;1;8;9;59;5;2;U;PSOE;101
4;2015;5;1;8;9;59;5;2;U;PORBUR;18
4;2015;5;1;8;9;59;5;2;U;SAIn;1
4;2015;5;1;8;9;59;5;2;U;UPYD;14
4;2015;5;1;8;9;59;5;2;U;VOX;31
4;2015;5;1;8;9;59;5;3;U;C's;75
4;2015;5;1;8;9;59;5;3;U;IMAGINA BUR;77
4;2015;5;1;8;9;59;5;3;U;PCAS-TC;5
4;2015;5;1;8;9;59;5;3;U;PP;171
4;2015;5;1;8;9;59;5;3;U;PSOE;100
4;2015;5;1;8;9;59;5;3;U;PORBUR;11
4;2015;5;1;8;9;59;5;3;U;SAIn;2
4;2015;5;1;8;9;59;5;3;U;UPYD;7
4;2015;5;1;8;9;59;5;3;U;VOX;9
4;2015;5;1;8;9;59;5;4;U;C's;69
4;2015;5;1;8;9;59;5;4;U;IMAGINA BUR;97
4;2015;5;1;8;9;59;5;4;U;PCAS-TC;4
4;2015;5;1;8;9;59;5;4;U;PP;219
4;2015;5;1;8;9;59;5;4;U;PSOE;115
4;2015;5;1;8;9;59;5;4;U;PORBUR;12
4;2015;5;1;8;9;59;5;4;U;SAIn;6
4;2015;5;1;8;9;59;5;4;U;UPYD;17
4;2015;5;1;8;9;59;5;4;U;VOX;13
4;2015;5;1;8;9;59;5;5;U;C's;55
4;2015;5;1;8;9;59;5;5;U;IMAGINA BUR;75
4;2015;5;1;8;9;59;5;5;U;PCAS-TC;4
4;2015;5;1;8;9;59;5;5;U;PP;182
4;2015;5;1;8;9;59;5;5;U;PSOE;112
4;2015;5;1;8;9;59;5;5;U;PORBUR;9
4;2015;5;1;8;9;59;5;5;U;SAIn;4
4;2015;5;1;8;9;59;5;5;U;UPYD;15
4;2015;5;1;8;9;59;5;5;U;VOX;12
4;2015;5;1;8;9;59;5;6;U;C's;70
4;2015;5;1;8;9;59;5;6;U;IMAGINA BUR;50
4;2015;5;1;8;9;59;5;6;U;PCAS-TC;1
4;2015;5;1;8;9;59;5;6;U;PP;227
4;2015;5;1;8;9;59;5;6;U;PSOE;45
4;2015;5;1;8;9;59;5;6;U;PORBUR;18
4;2015;5;1;8;9;59;5;6;U;SAIn;2
4;2015;5;1;8;9;59;5;6;U;UPYD;4
4;2015;5;1;8;9;59;5;6;U;VOX;23
4;2015;5;1;8;9;59;5;7;U;C's;105
4;2015;5;1;8;9;59;5;7;U;IMAGINA BUR;79
4;2015;5;1;8;9;59;5;7;U;PCAS-TC;2
4;2015;5;1;8;9;59;5;7;U;PP;254
4;2015;5;1;8;9;59;5;7;U;PSOE;80
4;2015;5;1;8;9;59;5;7;U;PORBUR;19
4;2015;5;1;8;9;59;5;7;U;SAIn;3
4;2015;5;1;8;9;59;5;7;U;UPYD;9
4;2015;5;1;8;9;59;5;7;U;VOX;23
4;2015;5;1;8;9;59;5;8;U;C's;58
4;2015;5;1;8;9;59;5;8;U;IMAGINA BUR;99
4;2015;5;1;8;9;59;5;8;U;PCAS-TC;5
4;2015;5;1;8;9;59;5;8;U;PP;140
4;2015;5;1;8;9;59;5;8;U;PSOE;86
4;2015;5;1;8;9;59;5;8;U;PORBUR;12
4;2015;5;1;8;9;59;5;8;U;SAIn;0
4;2015;5;1;8;9;59;5;8;U;UPYD;6
4;2015;5;1;8;9;59;5;8;U;VOX;7
4;2015;5;1;8;9;59;5;9;A;C's;41
4;2015;5;1;8;9;59;5;9;A;IMAGINA BUR;66
4;2015;5;1;8;9;59;5;9;A;PCAS-TC;1
4;2015;5;1;8;9;59;5;9;A;PP;156
4;2015;5;1;8;9;59;5;9;A;PSOE;60
4;2015;5;1;8;9;59;5;9;A;PORBUR;9
4;2015;5;1;8;9;59;5;9;A;SAIn;0
4;2015;5;1;8;9;59;5;9;A;UPYD;6
4;2015;5;1;8;9;59;5;9;A;VOX;3
4;2015;5;1;8;9;59;5;9;B;C's;36
4;2015;5;1;8;9;59;5;9;B;IMAGINA BUR;56
4;2015;5;1;8;9;59;5;9;B;PCAS-TC;7
4;2015;5;1;8;9;59;5;9;B;PP;130
4;2015;5;1;8;9;59;5;9;B;PSOE;51
4;2015;5;1;8;9;59;5;9;B;PORBUR;13
4;2015;5;1;8;9;59;5;9;B;SAIn;1
4;2015;5;1;8;9;59;5;9;B;UPYD;4
4;2015;5;1;8;9;59;5;9;B;VOX;4
4;2015;5;1;8;9;59;5;10;A;C's;39
4;2015;5;1;8;9;59;5;10;A;IMAGINA BUR;58
4;2015;5;1;8;9;59;5;10;A;PCAS-TC;3
4;2015;5;1;8;9;59;5;10;A;PP;105
4;2015;5;1;8;9;59;5;10;A;PSOE;54
4;2015;5;1;8;9;59;5;10;A;PORBUR;5
4;2015;5;1;8;9;59;5;10;A;SAIn;2
4;2015;5;1;8;9;59;5;10;A;UPYD;11
4;2015;5;1;8;9;59;5;10;A;VOX;12
4;2015;5;1;8;9;59;5;10;B;C's;62
4;2015;5;1;8;9;59;5;10;B;IMAGINA BUR;53
4;2015;5;1;8;9;59;5;10;B;PCAS-TC;3
4;2015;5;1;8;9;59;5;10;B;PP;148
4;2015;5;1;8;9;59;5;10;B;PSOE;62
4;2015;5;1;8;9;59;5;10;B;PORBUR;17
4;2015;5;1;8;9;59;5;10;B;SAIn;1
4;2015;5;1;8;9;59;9;26;A;C's;30
4;2015;5;1;8;9;59;9;26;A;IMAGINA BUR;53
4;2015;5;1;8;9;59;9;26;A;PCAS-TC;7
4;2015;5;1;8;9;59;9;26;A;PP;113
4;2015;5;1;8;9;59;9;26;A;PSOE;84
4;2015;5;1;8;9;59;9;26;A;PORBUR;5
4;2015;5;1;8;9;59;9;26;A;SAIn;0
4;2015;5;1;8;9;59;9;26;A;UPYD;12
4;2015;5;1;8;9;59;9;26;A;VOX;3
4;2015;5;1;8;9;59;9;26;B;C's;44
4;2015;5;1;8;9;59;9;26;B;IMAGINA BUR;57
4;2015;5;1;8;9;59;9;26;B;PCAS-TC;4
4;2015;5;1;8;9;59;9;26;B;PP;134
4;2015;5;1;8;9;59;9;26;B;PSOE;82
4;2015;5;1;8;9;59;9;26;B;PORBUR;7
4;2015;5;1;8;9;59;9;26;B;SAIn;5
4;2015;5;1;8;9;59;9;26;B;UPYD;13
4;2015;5;1;8;9;59;9;26;B;VOX;3
4;2015;5;1;8;9;59;9;27;A;C's;37
4;2015;5;1;8;9;59;9;27;A;IMAGINA BUR;59
4;2015;5;1;8;9;59;9;27;A;PCAS-TC;3
4;2015;5;1;8;9;59;9;27;A;PP;97
4;2015;5;1;8;9;59;9;27;A;PSOE;105
4;2015;5;1;8;9;59;9;27;A;PORBUR;13
4;2015;5;1;8;9;59;9;27;A;SAIn;9
4;2015;5;1;8;9;59;9;27;A;UPYD;5
4;2015;5;1;8;9;59;9;27;A;VOX;4
4;2015;5;1;8;9;59;9;27;B;C's;37
4;2015;5;1;8;9;59;9;27;B;IMAGINA BUR;66
4;2015;5;1;8;9;59;9;27;B;PCAS-TC;4
4;2015;5;1;8;9;59;9;27;B;PP;108
4;2015;5;1;8;9;59;9;27;B;PSOE;94
4;2015;5;1;8;9;59;9;27;B;PORBUR;11
4;2015;5;1;8;9;59;9;27;B;SAIn;4
4;2015;5;1;8;9;59;9;27;B;UPYD;8
4;2015;5;1;8;9;59;9;27;B;VOX;6
4;2015;5;1;8;9;59;9;28;U;C's;52
4;2015;5;1;8;9;59;9;28;U;IMAGINA BUR;115
4;2015;5;1;8;9;59;9;28;U;PCAS-TC;3
4;2015;5;1;8;9;59;9;28;U;PP;130
4;2015;5;1;8;9;59;9;28;U;PSOE;158
4;2015;5;1;8;9;59;9;28;U;PORBUR;5
4;2015;5;1;8;9;59;9;28;U;SAIn;3
4;2015;5;1;8;9;59;9;28;U;UPYD;11
4;2015;5;1;8;9;59;9;28;U;VOX;6
4;2015;5;1;8;9;59;9;29;U;C's;71
4;2015;5;1;8;9;59;9;29;U;IMAGINA BUR;90
4;2015;5;1;8;9;59;9;29;U;PCAS-TC;7
4;2015;5;1;8;9;59;9;29;U;PP;158
4;2015;5;1;8;9;59;9;29;U;PSOE;164
4;2015;5;1;8;9;59;9;29;U;PORBUR;10
4;2015;5;1;8;9;59;9;29;U;SAIn;0
4;2015;5;1;8;9;59;9;29;U;UPYD;22
4;2015;5;1;8;9;59;9;29;U;VOX;6
4;2015;5;1;8;9;59;9;30;U;C's;51
4;2015;5;1;8;9;59;9;30;U;IMAGINA BUR;102
4;2015;5;1;8;9;59;9;30;U;PCAS-TC;6
4;2015;5;1;8;9;59;9;30;U;PP;160
4;2015;5;1;8;9;59;9;30;U;PSOE;162
4;2015;5;1;8;9;59;9;30;U;PORBUR;10
4;2015;5;1;8;9;59;9;30;U;SAIn;1
4;2015;5;1;8;9;59;9;30;U;UPYD;5
4;2015;5;1;8;9;59;9;30;U;VOX;6
4;2015;5;1;8;9;59;9;31;U;C's;52
4;2015;5;1;8;9;59;9;31;U;IMAGINA BUR;120
4;2015;5;1;8;9;59;9;31;U;PCAS-TC;7
4;2015;5;1;8;9;59;9;31;U;PP;122
4;2015;5;1;8;9;59;9;31;U;PSOE;176
4;2015;5;1;8;9;59;9;31;U;PORBUR;9
4;2015;5;1;8;9;59;9;31;U;SAIn;0
4;2015;5;1;8;9;59;9;31;U;UPYD;16
4;2015;5;1;8;9;59;9;31;U;VOX;8
4;2015;5;1;8;9;59;9;32;U;C's;22
4;2015;5;1;8;9;59;9;32;U;IMAGINA BUR;85
4;2015;5;1;8;9;59;9;32;U;PCAS-TC;3
4;2015;5;1;8;9;59;9;32;U;PP;116
4;2015;5;1;8;9;59;9;32;U;PSOE;122
4;2015;5;1;8;9;59;9;32;U;PORBUR;12
4;2015;5;1;8;9;59;9;32;U;SAIn;1
4;2015;5;1;8;9;59;9;32;U;UPYD;9
4;2015;5;1;8;9;59;9;32;U;VOX;6
4;2015;5;1;8;9;59;9;33;U;C's;36
4;2015;5;1;8;9;59;9;33;U;IMAGINA BUR;95
4;2015;5;1;8;9;59;9;33;U;PCAS-TC;3
4;2015;5;1;8;9;59;9;33;U;PP;115
4;2015;5;1;8;9;59;9;33;U;PSOE;116
4;2015;5;1;8;9;59;9;33;U;PORBUR;8
4;2015;5;1;8;9;59;9;33;U;SAIn;5
4;2015;5;1;8;9;59;9;33;U;UPYD;7
4;2015;5;1;8;9;59;9;33;U;VOX;5
4;2015;5;1;8;9;59;9;34;U;C's;55
4;2015;5;1;8;9;59;9;34;U;IMAGINA BUR;72
4;2015;5;1;8;9;59;9;34;U;PCAS-TC;4
4;2015;5;1;8;9;59;9;34;U;PP;151
4;2015;5;1;8;9;59;9;34;U;PSOE;96
4;2015;5;1;8;9;59;9;34;U;PORBUR;20
4;2015;5;1;8;9;59;9;34;U;SAIn;2
4;2015;5;1;8;9;59;9;34;U;UPYD;12
4;2015;5;1;8;9;59;9;34;U;VOX;2
4;2015;5;1;8;9;59;9;35;A;C's;54
4;2015;5;1;8;9;59;9;35;A;IMAGINA BUR;148
4;2015;5;1;8;9;59;9;35;A;PCAS-TC;5
4;2015;5;1;8;9;59;9;35;A;PP;88
4;2015;5;1;8;9;59;1;1;U;C's;62
4;2015;5;1;8;9;59;1;1;U;IMAGINA BUR;58
4;2015;5;1;8;9;59;1;1;U;PCAS-TC;2
4;2015;5;1;8;9;59;1;1;U;PP;136
4;2015;5;1;8;9;59;5;10;B;UPYD;10
4;2015;5;1;8;9;59;5;10;B;VOX;5
4;2015;5;1;8;9;59;5;11;A;C's;47
4;2015;5;1;8;9;59;5;11;A;IMAGINA BUR;36
4;2015;5;1;8;9;59;5;11;A;PCAS-TC;2
4;2015;5;1;8;9;59;5;11;A;PP;159
4;2015;5;1;8;9;59;5;11;A;PSOE;48
4;2015;5;1;8;9;59;5;11;A;PORBUR;12
4;2015;5;1;8;9;59;5;11;A;SAIn;1
4;2015;5;1;8;9;59;5;11;A;UPYD;6
4;2015;5;1;8;9;59;5;11;A;VOX;7
4;2015;5;1;8;9;59;5;11;B;C's;39
4;2015;5;1;8;9;59;5;11;B;IMAGINA BUR;50
4;2015;5;1;8;9;59;5;11;B;PCAS-TC;9
4;2015;5;1;8;9;59;5;11;B;PP;159
4;2015;5;1;8;9;59;5;11;B;PSOE;39
4;2015;5;1;8;9;59;5;11;B;PORBUR;7
4;2015;5;1;8;9;59;5;11;B;SAIn;2
4;2015;5;1;8;9;59;5;11;B;UPYD;7
4;2015;5;1;8;9;59;5;11;B;VOX;13
4;2015;5;1;8;9;59;5;12;U;C's;71
4;2015;5;1;8;9;59;5;12;U;IMAGINA BUR;117
4;2015;5;1;8;9;59;5;12;U;PCAS-TC;7
4;2015;5;1;8;9;59;5;12;U;PP;127
4;2015;5;1;8;9;59;5;12;U;PSOE;140
4;2015;5;1;8;9;59;5;12;U;PORBUR;13
4;2015;5;1;8;9;59;5;12;U;SAIn;3
4;2015;5;1;8;9;59;5;12;U;UPYD;6
4;2015;5;1;8;9;59;5;12;U;VOX;11
4;2015;5;1;8;9;59;5;13;A;C's;29
4;2015;5;1;8;9;59;5;13;A;IMAGINA BUR;74
4;2015;5;1;8;9;59;5;13;A;PCAS-TC;4
4;2015;5;1;8;9;59;5;13;A;PP;97
4;2015;5;1;8;9;59;5;13;A;PSOE;81
4;2015;5;1;8;9;59;5;13;A;PORBUR;7
4;2015;5;1;8;9;59;5;13;A;SAIn;1
4;2015;5;1;8;9;59;9;35;A;PSOE;160
4;2015;5;1;8;9;59;9;35;A;PORBUR;15
4;2015;5;1;8;9;59;9;35;A;SAIn;1
4;2015;5;1;8;9;59;9;35;A;UPYD;14
4;2015;5;1;8;9;59;9;35;A;VOX;6
4;2015;5;1;8;9;59;9;35;B;C's;60
4;2015;5;1;8;9;59;9;35;B;IMAGINA BUR;139
4;2015;5;1;8;9;59;9;35;B;PCAS-TC;4
4;2015;5;1;8;9;59;9;35;B;PP;103
4;2015;5;1;8;9;59;9;35;B;PSOE;139
4;2015;5;1;8;9;59;9;35;B;PORBUR;9
4;2015;5;1;8;9;59;9;35;B;SAIn;5
4;2015;5;1;8;9;59;9;35;B;UPYD;9
4;2015;5;1;8;9;59;9;35;B;VOX;8
4;2015;5;1;8;9;59;9;36;U;C's;56
4;2015;5;1;8;9;59;9;36;U;IMAGINA BUR;97
4;2015;5;1;8;9;59;9;36;U;PCAS-TC;9
4;2015;5;1;8;9;59;9;36;U;PP;120
4;2015;5;1;8;9;59;9;36;U;PSOE;147
4;2015;5;1;8;9;59;9;36;U;PORBUR;7
4;2015;5;1;8;9;59;9;36;U;SAIn;3
4;2015;5;1;8;9;59;9;36;U;UPYD;11
4;2015;5;1;8;9;59;9;36;U;VOX;5
4;2015;5;1;8;9;59;9;37;U;C's;60
4;2015;5;1;8;9;59;9;37;U;IMAGINA BUR;157
4;2015;5;1;8;9;59;9;37;U;PCAS-TC;3
4;2015;5;1;8;9;59;9;37;U;PP;135
4;2015;5;1;8;9;59;9;37;U;PSOE;172
4;2015;5;1;8;9;59;9;37;U;PORBUR;27
4;2015;5;1;8;9;59;9;37;U;SAIn;2
4;2015;5;1;8;9;59;9;37;U;UPYD;13
4;2015;5;1;8;9;59;9;37;U;VOX;10
4;2015;5;1;8;9;59;9;38;U;C's;69
4;2015;5;1;8;9;59;9;38;U;IMAGINA BUR;100
4;2015;5;1;8;9;59;5;35;B;SAIn;2
4;2015;5;1;8;9;59;5;35;B;UPYD;12
4;2015;5;1;8;9;59;5;35;B;VOX;6
4;2015;5;1;8;9;59;5;36;U;C's;49
4;2015;5;1;8;9;59;5;36;U;IMAGINA BUR;43
4;2015;5;1;8;9;59;5;36;U;PCAS-TC;5
4;2015;5;1;8;9;59;5;36;U;PP;169
4;2015;5;1;8;9;59;5;36;U;PSOE;48
4;2015;5;1;8;9;59;5;36;U;PORBUR;20
4;2015;5;1;8;9;59;5;36;U;SAIn;1
4;2015;5;1;8;9;59;5;36;U;UPYD;4
4;2015;5;1;8;9;59;5;36;U;VOX;16
4;2015;5;1;8;9;59;5;37;U;C's;83
4;2015;5;1;8;9;59;5;37;U;IMAGINA BUR;56
4;2015;5;1;8;9;59;5;37;U;PCAS-TC;5
4;2015;5;1;8;9;59;5;37;U;PP;272
4;2015;5;1;8;9;59;5;37;U;PSOE;74
4;2015;5;1;8;9;59;5;37;U;PORBUR;7
4;2015;5;1;8;9;59;5;37;U;SAIn;0
4;2015;5;1;8;9;59;5;37;U;UPYD;7
4;2015;5;1;8;9;59;5;37;U;VOX;32
4;2015;5;1;8;9;59;5;38;A;C's;74
4;2015;5;1;8;9;59;5;38;A;IMAGINA BUR;111
4;2015;5;1;8;9;59;5;38;A;PCAS-TC;7
4;2015;5;1;8;9;59;5;38;A;PP;122
4;2015;5;1;8;9;59;5;38;A;PSOE;90
4;2015;5;1;8;9;59;5;38;A;PORBUR;15
4;2015;5;1;8;9;59;5;38;A;SAIn;2
4;2015;5;1;8;9;59;5;38;A;UPYD;14
4;2015;5;1;8;9;59;5;38;A;VOX;20
4;2015;5;1;8;9;59;5;38;B;C's;116
4;2015;5;1;8;9;59;5;38;B;IMAGINA BUR;133
4;2015;5;1;8;9;59;5;38;B;PCAS-TC;9
4;2015;5;1;8;9;59;5;38;B;PP;140
4;2015;5;1;8;9;59;5;38;B;PSOE;96
4;2015;5;1;8;9;59;5;38;B;PORBUR;39
4;2015;5;1;8;9;59;5;38;B;SAIn;1
4;2015;5;1;8;9;59;5;38;B;UPYD;13
4;2015;5;1;8;9;59;5;38;B;VOX;10
4;2015;5;1;8;9;59;5;39;U;C's;44
4;2015;5;1;8;9;59;5;39;U;IMAGINA BUR;138
4;2015;5;1;8;9;59;5;39;U;PCAS-TC;5
4;2015;5;1;8;9;59;5;39;U;PP;90
4;2015;5;1;8;9;59;5;39;U;PSOE;135
4;2015;5;1;8;9;59;5;39;U;PORBUR;12
4;2015;5;1;8;9;59;5;39;U;SAIn;10
4;2015;5;1;8;9;59;5;39;U;UPYD;11
4;2015;5;1;8;9;59;5;39;U;VOX;11
4;2015;5;1;8;9;59;5;40;A;C's;58
4;2015;5;1;8;9;59;5;40;A;IMAGINA BUR;128
4;2015;5;1;8;9;59;5;40;A;PCAS-TC;6
4;2015;5;1;8;9;59;5;40;A;PP;94
4;2015;5;1;8;9;59;5;40;A;PSOE;121
4;2015;5;1;8;9;59;5;40;A;PORBUR;7
4;2015;5;1;8;9;59;5;40;A;SAIn;2
4;2015;5;1;8;9;59;5;40;A;UPYD;14
4;2015;5;1;8;9;59;5;40;A;VOX;10
4;2015;5;1;8;9;59;5;40;B;C's;68
4;2015;5;1;8;9;59;5;40;B;IMAGINA BUR;115
4;2015;5;1;8;9;59;5;40;B;PCAS-TC;4
4;2015;5;1;8;9;59;5;40;B;PP;101
4;2015;5;1;8;9;59;5;40;B;PSOE;104
4;2015;5;1;8;9;59;5;40;B;PORBUR;14
4;2015;5;1;8;9;59;5;40;B;SAIn;4
4;2015;5;1;8;9;59;5;40;B;UPYD;13
4;2015;5;1;8;9;59;5;40;B;VOX;13
4;2015;5;1;8;9;59;5;41;A;C's;48
4;2015;5;1;8;9;59;5;41;A;IMAGINA BUR;86
4;2015;5;1;8;9;59;5;41;A;PCAS-TC;1
4;2015;5;1;8;9;59;5;41;A;PP;95
4;2015;5;1;8;9;59;5;41;A;PSOE;60
4;2015;5;1;8;9;59;5;41;A;PORBUR;16
4;2015;5;1;8;9;59;5;41;A;SAIn;1
4;2015;5;1;8;9;59;5;41;A;UPYD;6
4;2015;5;1;8;9;59;5;41;A;VOX;11
4;2015;5;1;8;9;59;5;41;B;C's;62
4;2015;5;1;8;9;59;5;41;B;IMAGINA BUR;77
4;2015;5;1;8;9;59;5;41;B;PCAS-TC;4
4;2015;5;1;8;9;59;5;41;B;PP;81
4;2015;5;1;8;9;59;5;41;B;PSOE;57
4;2015;5;1;8;9;59;5;41;B;PORBUR;10
4;2015;5;1;8;9;59;5;41;B;SAIn;1
4;2015;5;1;8;9;59;5;41;B;UPYD;7
4;2015;5;1;8;9;59;5;41;B;VOX;7
4;2015;5;1;8;9;59;5;42;A;C's;88
4;2015;5;1;8;9;59;1;1;U;PSOE;61
4;2015;5;1;8;9;59;1;1;U;PORBUR;11
4;2015;5;1;8;9;59;1;1;U;SAIn;0
4;2015;5;1;8;9;59;1;1;U;UPYD;6
4;2015;5;1;8;9;59;1;1;U;VOX;15
4;2015;5;1;8;9;59;1;2;U;C's;59
4;2015;5;1;8;9;59;1;2;U;IMAGINA BUR;81
4;2015;5;1;8;9;59;1;2;U;PCAS-TC;4
4;2015;5;1;8;9;59;1;2;U;PP;122
4;2015;5;1;8;9;59;1;2;U;PSOE;70
4;2015;5;1;8;9;59;1;2;U;PORBUR;13
4;2015;5;1;8;9;59;1;2;U;SAIn;7
4;2015;5;1;8;9;59;1;2;U;UPYD;15
4;2015;5;1;8;9;59;1;2;U;VOX;11
4;2015;5;1;8;9;59;2;1;U;C's;57
4;2015;5;1;8;9;59;2;1;U;IMAGINA BUR;83
4;2015;5;1;8;9;59;2;1;U;PCAS-TC;0
4;2015;5;1;8;9;59;2;1;U;PP;157
4;2015;5;1;8;9;59;2;1;U;PSOE;46
4;2015;5;1;8;9;59;2;1;U;PORBUR;14
4;2015;5;1;8;9;59;2;1;U;SAIn;0
4;2015;5;1;8;9;59;2;1;U;UPYD;12
4;2015;5;1;8;9;59;2;1;U;VOX;14
4;2015;5;1;8;9;59;2;2;U;C's;60
4;2015;5;1;8;9;59;2;2;U;IMAGINA BUR;54
4;2015;5;1;8;9;59;2;2;U;PCAS-TC;2
4;2015;5;1;8;9;59;2;2;U;PP;151
4;2015;5;1;8;9;59;2;2;U;PSOE;40
4;2015;5;1;8;9;59;2;2;U;PORBUR;9
4;2015;5;1;8;9;59;2;2;U;SAIn;0
4;2015;5;1;8;9;59;2;2;U;UPYD;9
4;2015;5;1;8;9;59;2;2;U;VOX;21
4;2015;5;1;8;9;59;2;3;U;C's;66
4;2015;5;1;8;9;59;2;3;U;IMAGINA BUR;51
4;2015;5;1;8;9;59;2;3;U;PCAS-TC;3
4;2015;5;1;8;9;59;2;3;U;PP;229
4;2015;5;1;8;9;59;2;3;U;PSOE;76
4;2015;5;1;8;9;59;2;3;U;PORBUR;22
4;2015;5;1;8;9;59;2;3;U;SAIn;3
4;2015;5;1;8;9;59;2;3;U;UPYD;10
4;2015;5;1;8;9;59;2;3;U;VOX;24
4;2015;5;1;8;9;59;2;4;U;C's;60
4;2015;5;1;8;9;59;2;4;U;IMAGINA BUR;54
4;2015;5;1;8;9;59;2;4;U;PCAS-TC;1
4;2015;5;1;8;9;59;2;4;U;PP;152
4;2015;5;1;8;9;59;2;4;U;PSOE;54
4;2015;5;1;8;9;59;2;4;U;PORBUR;5
4;2015;5;1;8;9;59;2;4;U;SAIn;3
4;2015;5;1;8;9;59;2;4;U;UPYD;5
4;2015;5;1;8;9;59;2;4;U;VOX;14
4;2015;5;1;8;9;59;2;5;A;C's;46
4;2015;5;1;8;9;59;2;5;A;IMAGINA BUR;47
4;2015;5;1;8;9;59;2;5;A;PCAS-TC;1
4;2015;5;1;8;9;59;2;5;A;PP;137
4;2015;5;1;8;9;59;2;5;A;PSOE;53
4;2015;5;1;8;9;59;2;5;A;PORBUR;13
4;2015;5;1;8;9;59;2;5;A;SAIn;0
4;2015;5;1;8;9;59;2;5;A;UPYD;13
4;2015;5;1;8;9;59;2;5;A;VOX;9
4;2015;5;1;8;9;59;2;5;B;C's;56
4;2015;5;1;8;9;59;2;5;B;IMAGINA BUR;47
4;2015;5;1;8;9;59;2;5;B;PCAS-TC;0
4;2015;5;1;8;9;59;2;5;B;PP;155
4;2015;5;1;8;9;59;2;5;B;PSOE;51
4;2015;5;1;8;9;59;2;5;B;PORBUR;14
4;2015;5;1;8;9;59;2;5;B;SAIn;1
4;2015;5;1;8;9;59;2;5;B;UPYD;11
4;2015;5;1;8;9;59;2;5;B;VOX;18
4;2015;5;1;8;9;59;3;1;U;C's;52
4;2015;5;1;8;9;59;3;1;U;IMAGINA BUR;73
4;2015;5;1;8;9;59;3;1;U;PCAS-TC;2
4;2015;5;1;8;9;59;3;1;U;PP;134
4;2015;5;1;8;9;59;3;1;U;PSOE;50
4;2015;5;1;8;9;59;3;1;U;PORBUR;7
4;2015;5;1;8;9;59;3;1;U;SAIn;3
4;2015;5;1;8;9;59;3;1;U;UPYD;11
4;2015;5;1;8;9;59;3;1;U;VOX;14
4;2015;5;1;8;9;59;3;2;U;C's;83
4;2015;5;1;8;9;59;3;2;U;IMAGINA BUR;92
4;2015;5;1;8;9;59;3;2;U;PCAS-TC;2
4;2015;5;1;8;9;59;3;2;U;PP;244
4;2015;5;1;8;9;59;5;13;A;UPYD;3
4;2015;5;1;8;9;59;5;13;A;VOX;5
4;2015;5;1;8;9;59;5;13;B;C's;49
4;2015;5;1;8;9;59;5;13;B;IMAGINA BUR;84
4;2015;5;1;8;9;59;5;13;B;PCAS-TC;3
4;2015;5;1;8;9;59;5;13;B;PP;72
4;2015;5;1;8;9;59;5;13;B;PSOE;98
4;2015;5;1;8;9;59;5;13;B;PORBUR;10
4;2015;5;1;8;9;59;5;13;B;SAIn;4
4;2015;5;1;8;9;59;5;13;B;UPYD;3
4;2015;5;1;8;9;59;5;13;B;VOX;2
4;2015;5;1;8;9;59;5;14;U;C's;37
4;2015;5;1;8;9;59;5;14;U;IMAGINA BUR;115
4;2015;5;1;8;9;59;5;14;U;PCAS-TC;13
4;2015;5;1;8;9;59;5;14;U;PP;103
4;2015;5;1;8;9;59;5;14;U;PSOE;107
4;2015;5;1;8;9;59;5;14;U;PORBUR;12
4;2015;5;1;8;9;59;5;14;U;SAIn;10
4;2015;5;1;8;9;59;5;14;U;UPYD;6
4;2015;5;1;8;9;59;5;14;U;VOX;7
4;2015;5;1;8;9;59;5;15;A;C's;40
4;2015;5;1;8;9;59;5;15;A;IMAGINA BUR;64
4;2015;5;1;8;9;59;5;15;A;PCAS-TC;6
4;2015;5;1;8;9;59;5;15;A;PP;152
4;2015;5;1;8;9;59;5;15;A;PSOE;85
4;2015;5;1;8;9;59;5;15;A;PORBUR;14
4;2015;5;1;8;9;59;5;15;A;SAIn;1
4;2015;5;1;8;9;59;5;15;A;UPYD;12
4;2015;5;1;8;9;59;5;15;A;VOX;16
4;2015;5;1;8;9;59;5;15;B;C's;52
4;2015;5;1;8;9;59;5;15;B;IMAGINA BUR;63
4;2015;5;1;8;9;59;5;15;B;PCAS-TC;2
4;2015;5;1;8;9;59;5;15;B;PP;150
4;2015;5;1;8;9;59;5;15;B;PSOE;66
4;2015;5;1;8;9;59;5;15;B;PORBUR;9
4;2015;5;1;8;9;59;5;15;B;SAIn;1
4;2015;5;1;8;9;59;5;15;B;UPYD;9
4;2015;5;1;8;9;59;5;15;B;VOX;17
4;2015;5;1;8;9;59;5;16;A;C's;41
4;2015;5;1;8;9;59;5;16;A;IMAGINA BUR;48
4;2015;5;1;8;9;59;5;16;A;PCAS-TC;2
4;2015;5;1;8;9;59;5;16;A;PP;157
4;2015;5;1;8;9;59;5;16;A;PSOE;46
4;2015;5;1;8;9;59;5;16;A;PORBUR;9
4;2015;5;1;8;9;59;5;16;A;SAIn;1
4;2015;5;1;8;9;59;5;16;A;UPYD;10
4;2015;5;1;8;9;59;5;16;A;VOX;5
4;2015;5;1;8;9;59;5;16;B;C's;45
4;2015;5;1;8;9;59;5;16;B;IMAGINA BUR;70
4;2015;5;1;8;9;59;5;16;B;PCAS-TC;2
4;2015;5;1;8;9;59;5;16;B;PP;159
4;2015;5;1;8;9;59;5;16;B;PSOE;63
4;2015;5;1;8;9;59;5;16;B;PORBUR;14
4;2015;5;1;8;9;59;5;16;B;SAIn;2
4;2015;5;1;8;9;59;5;16;B;UPYD;4
4;2015;5;1;8;9;59;5;16;B;VOX;11
4;2015;5;1;8;9;59;5;17;U;C's;68
4;2015;5;1;8;9;59;5;17;U;IMAGINA BUR;80
4;2015;5;1;8;9;59;5;17;U;PCAS-TC;1
4;2015;5;1;8;9;59;5;17;U;PP;199
4;2015;5;1;8;9;59;5;17;U;PSOE;67
4;2015;5;1;8;9;59;5;17;U;PORBUR;8
4;2015;5;1;8;9;59;5;17;U;SAIn;3
4;2015;5;1;8;9;59;5;42;A;IMAGINA BUR;95
4;2015;5;1;8;9;59;5;42;A;PCAS-TC;5
4;2015;5;1;8;9;59;5;42;A;PP;134
4;2015;5;1;8;9;59;5;42;A;PSOE;102
4;2015;5;1;8;9;59;5;42;A;PORBUR;18
4;2015;5;1;8;9;59;5;42;A;SAIn;2
4;2015;5;1;8;9;59;5;42;A;UPYD;10
4;2015;5;1;8;9;59;5;42;A;VOX;11
4;2015;5;1;8;9;59;5;42;B;C's;89
4;2015;5;1;8;9;59;5;42;B;IMAGINA BUR;100
4;2015;5;1;8;9;59;5;42;B;PCAS-TC;5
4;2015;5;1;8;9;59;5;42;B;PP;127
4;2015;5;1;8;9;59;5;42;B;PSOE;123
4;2015;5;1;8;9;59;5;42;B;PORBUR;18
4;2015;5;1;8;9;59;5;42;B;SAIn;0
4;2015;5;1;8;9;59;5;42;B;UPYD;19
4;2015;5;1;8;9;59;5;42;B;VOX;9
4;2015;5;1;8;9;59;5;43;A;C's;75
4;2015;5;1;8;9;59;5;43;A;IMAGINA BUR;70
4;2015;5;1;8;9;59;5;43;A;PCAS-TC;4
4;2015;5;1;8;9;59;5;43;A;PP;67
4;2015;5;1;8;9;59;5;43;A;PSOE;62
4;2015;5;1;8;9;59;5;43;A;PORBUR;16
4;2015;5;1;8;9;59;5;43;A;SAIn;1
4;2015;5;1;8;9;59;5;43;A;UPYD;9
4;2015;5;1;8;9;59;5;43;A;VOX;11
4;2015;5;1;8;9;59;5;43;B;C's;77
4;2015;5;1;8;9;59;5;43;B;IMAGINA BUR;56
4;2015;5;1;8;9;59;5;43;B;PCAS-TC;7
4;2015;5;1;8;9;59;5;43;B;PP;74
4;2015;5;1;8;9;59;5;43;B;PSOE;75
4;2015;5;1;8;9;59;5;43;B;PORBUR;8
4;2015;5;1;8;9;59;5;43;B;SAIn;0
4;2015;5;1;8;9;59;5;43;B;UPYD;17
4;2015;5;1;8;9;59;5;43;B;VOX;3
4;2015;5;1;8;9;59;5;44;U;C's;67
4;2015;5;1;8;9;59;5;44;U;IMAGINA BUR;140
4;2015;5;1;8;9;59;5;44;U;PCAS-TC;5
4;2015;5;1;8;9;59;5;44;U;PP;85
4;2015;5;1;8;9;59;5;44;U;PSOE;147
4;2015;5;1;8;9;59;5;44;U;PORBUR;14
4;2015;5;1;8;9;59;5;44;U;SAIn;14
4;2015;5;1;8;9;59;5;44;U;UPYD;12
4;2015;5;1;8;9;59;5;44;U;VOX;16
4;2015;5;1;8;9;59;5;45;A;C's;65
4;2015;5;1;8;9;59;5;45;A;IMAGINA BUR;82
4;2015;5;1;8;9;59;5;45;A;PCAS-TC;6
4;2015;5;1;8;9;59;5;45;A;PP;82
4;2015;5;1;8;9;59;5;45;A;PSOE;106
4;2015;5;1;8;9;59;5;45;A;PORBUR;11
4;2015;5;1;8;9;59;5;45;A;SAIn;2
4;2015;5;1;8;9;59;5;45;A;UPYD;11
4;2015;5;1;8;9;59;5;45;A;VOX;3
4;2015;5;1;8;9;59;5;45;B;C's;52
4;2015;5;1;8;9;59;9;38;U;PCAS-TC;3
4;2015;5;1;8;9;59;9;38;U;PP;115
4;2015;5;1;8;9;59;9;38;U;PSOE;149
4;2015;5;1;8;9;59;9;38;U;PORBUR;14
4;2015;5;1;8;9;59;9;38;U;SAIn;3
4;2015;5;1;8;9;59;9;38;U;UPYD;14
4;2015;5;1;8;9;59;9;38;U;VOX;5
4;2015;5;1;8;9;59;9;39;U;C's;58
4;2015;5;1;8;9;59;9;39;U;IMAGINA BUR;156
4;2015;5;1;8;9;59;9;39;U;PCAS-TC;7
4;2015;5;1;8;9;59;9;39;U;PP;95
4;2015;5;1;8;9;59;9;39;U;PSOE;156
4;2015;5;1;8;9;59;9;39;U;PORBUR;16
4;2015;5;1;8;9;59;9;39;U;SAIn;5
4;2015;5;1;8;9;59;9;39;U;UPYD;13
4;2015;5;1;8;9;59;9;39;U;VOX;7
4;2015;5;1;8;9;59;9;40;A;C's;39
4;2015;5;1;8;9;59;9;40;A;IMAGINA BUR;78
4;2015;5;1;8;9;59;9;40;A;PCAS-TC;9
4;2015;5;1;8;9;59;9;40;A;PP;66
4;2015;5;1;8;9;59;9;40;A;PSOE;107
4;2015;5;1;8;9;59;9;40;A;PORBUR;12
4;2015;5;1;8;9;59;9;40;A;SAIn;4
4;2015;5;1;8;9;59;9;40;A;UPYD;9
4;2015;5;1;8;9;59;9;40;A;VOX;4
4;2015;5;1;8;9;59;9;40;B;C's;59
4;2015;5;1;8;9;59;9;40;B;IMAGINA BUR;84
4;2015;5;1;8;9;59;9;40;B;PCAS-TC;7
4;2015;5;1;8;9;59;9;40;B;PP;57
4;2015;5;1;8;9;59;9;40;B;PSOE;124
4;2015;5;1;8;9;59;9;40;B;PORBUR;8
4;2015;5;1;8;9;59;9;40;B;SAIn;1
4;2015;5;1;8;9;59;9;40;B;UPYD;7
4;2015;5;1;8;9;59;9;40;B;VOX;2
4;2015;5;1;8;9;59;9;41;A;C's;67
4;2015;5;1;8;9;59;9;41;A;IMAGINA BUR;108
4;2015;5;1;8;9;59;9;41;A;PCAS-TC;12
4;2015;5;1;8;9;59;9;41;A;PP;121
4;2015;5;1;8;9;59;9;41;A;PSOE;144
4;2015;5;1;8;9;59;9;41;A;PORBUR;9
4;2015;5;1;8;9;59;9;41;A;SAIn;1
4;2015;5;1;8;9;59;9;41;A;UPYD;16
4;2015;5;1;8;9;59;9;41;A;VOX;7
4;2015;5;1;8;9;59;9;41;B;C's;85
4;2015;5;1;8;9;59;9;41;B;IMAGINA BUR;90
4;2015;5;1;8;9;59;9;41;B;PCAS-TC;2
4;2015;5;1;8;9;59;9;41;B;PP;136
4;2015;5;1;8;9;59;9;41;B;PSOE;126
4;2015;5;1;8;9;59;9;41;B;PORBUR;9
4;2015;5;1;8;9;59;9;41;B;SAIn;1
4;2015;5;1;8;9;59;9;41;B;UPYD;21
4;2015;5;1;8;9;59;9;41;B;VOX;8
4;2015;5;1;8;9;59;9;42;U;C's;100
4;2015;5;1;8;9;59;9;42;U;IMAGINA BUR;162
4;2015;5;1;8;9;59;9;42;U;PCAS-TC;7
4;2015;5;1;8;9;59;9;42;U;PP;118
4;2015;5;1;8;9;59;9;42;U;PSOE;132
4;2015;5;1;8;9;59;9;42;U;PORBUR;24
4;2015;5;1;8;9;59;9;42;U;SAIn;3
4;2015;5;1;8;9;59;9;42;U;UPYD;16
4;2015;5;1;8;9;59;9;42;U;VOX;10
4;2015;5;1;8;9;59;9;43;A;C's;129
4;2015;5;1;8;9;59;9;43;A;IMAGINA BUR;118
4;2015;5;1;8;9;59;9;43;A;PCAS-TC;6
4;2015;5;1;8;9;59;3;2;U;PSOE;69
4;2015;5;1;8;9;59;3;2;U;PORBUR;14
4;2015;5;1;8;9;59;3;2;U;SAIn;3
4;2015;5;1;8;9;59;3;2;U;UPYD;15
4;2015;5;1;8;9;59;3;2;U;VOX;11
4;2015;5;1;8;9;59;3;3;A;C's;32
4;2015;5;1;8;9;59;3;3;A;IMAGINA BUR;69
4;2015;5;1;8;9;59;3;3;A;PCAS-TC;1
4;2015;5;1;8;9;59;3;3;A;PP;85
4;2015;5;1;8;9;59;3;3;A;PSOE;77
4;2015;5;1;8;9;59;3;3;A;PORBUR;5
4;2015;5;1;8;9;59;3;3;A;SAIn;1
4;2015;5;1;8;9;59;3;3;A;UPYD;10
4;2015;5;1;8;9;59;3;3;A;VOX;2
4;2015;5;1;8;9;59;3;3;B;C's;54
4;2015;5;1;8;9;59;3;3;B;IMAGINA BUR;89
4;2015;5;1;8;9;59;3;3;B;PCAS-TC;6
4;2015;5;1;8;9;59;3;3;B;PP;106
4;2015;5;1;8;9;59;3;3;B;PSOE;104
4;2015;5;1;8;9;59;3;3;B;PORBUR;9
4;2015;5;1;8;9;59;3;3;B;SAIn;1
4;2015;5;1;8;9;59;3;3;B;UPYD;10
4;2015;5;1;8;9;59;3;3;B;VOX;6
4;2015;5;1;8;9;59;3;4;U;C's;36
4;2015;5;1;8;9;59;3;4;U;IMAGINA BUR;62
4;2015;5;1;8;9;59;3;4;U;PCAS-TC;2
4;2015;5;1;8;9;59;3;4;U;PP;141
4;2015;5;1;8;9;59;3;4;U;PSOE;105
4;2015;5;1;8;9;59;3;4;U;PORBUR;7
4;2015;5;1;8;9;59;3;4;U;SAIn;0
4;2015;5;1;8;9;59;3;4;U;UPYD;7
4;2015;5;1;8;9;59;3;4;U;VOX;6
4;2015;5;1;8;9;59;3;5;A;C's;65
4;2015;5;1;8;9;59;3;5;A;IMAGINA BUR;142
4;2015;5;1;8;9;59;3;5;A;PCAS-TC;11
4;2015;5;1;8;9;59;3;5;A;PP;99
4;2015;5;1;8;9;59;3;5;A;PSOE;93
4;2015;5;1;8;9;59;3;5;A;PORBUR;11
4;2015;5;1;8;9;59;3;5;A;SAIn;6
4;2015;5;1;8;9;59;3;5;A;UPYD;15
4;2015;5;1;8;9;59;3;5;A;VOX;6
4;2015;5;1;8;9;59;3;5;B;C's;85
4;2015;5;1;8;9;59;3;5;B;IMAGINA BUR;126
4;2015;5;1;8;9;59;3;5;B;PCAS-TC;5
4;2015;5;1;8;9;59;3;5;B;PP;126
4;2015;5;1;8;9;59;3;5;B;PSOE;126
4;2015;5;1;8;9;59;3;5;B;PORBUR;20
4;2015;5;1;8;9;59;3;5;B;SAIn;4
4;2015;5;1;8;9;59;3;5;B;UPYD;24
4;2015;5;1;8;9;59;3;5;B;VOX;17
4;2015;5;1;8;9;59;3;6;A;C's;60
4;2015;5;1;8;9;59;3;6;A;IMAGINA BUR;125
4;2015;5;1;8;9;59;3;6;A;PCAS-TC;12
4;2015;5;1;8;9;59;3;6;A;PP;147
4;2015;5;1;8;9;59;3;6;A;PSOE;125
4;2015;5;1;8;9;59;3;6;A;PORBUR;14
4;2015;5;1;8;9;59;3;6;A;SAIn;3
4;2015;5;1;8;9;59;3;6;A;UPYD;18
4;2015;5;1;8;9;59;5;17;U;UPYD;11
4;2015;5;1;8;9;59;5;17;U;VOX;10
4;2015;5;1;8;9;59;5;18;U;C's;86
4;2015;5;1;8;9;59;5;18;U;IMAGINA BUR;64
4;2015;5;1;8;9;59;5;18;U;PCAS-TC;0
4;2015;5;1;8;9;59;5;18;U;PP;249
4;2015;5;1;8;9;59;5;18;U;PSOE;43
4;2015;5;1;8;9;59;5;18;U;PORBUR;11
4;2015;5;1;8;9;59;5;18;U;SAIn;2
4;2015;5;1;8;9;59;5;18;U;UPYD;10
4;2015;5;1;8;9;59;5;18;U;VOX;15
4;2015;5;1;8;9;59;5;19;U;C's;48
4;2015;5;1;8;9;59;5;19;U;IMAGINA BUR;107
4;2015;5;1;8;9;59;5;19;U;PCAS-TC;1
4;2015;5;1;8;9;59;5;19;U;PP;202
4;2015;5;1;8;9;59;5;19;U;PSOE;89
4;2015;5;1;8;9;59;5;19;U;PORBUR;13
4;2015;5;1;8;9;59;5;19;U;SAIn;6
4;2015;5;1;8;9;59;5;19;U;UPYD;11
4;2015;5;1;8;9;59;5;19;U;VOX;13
4;2015;5;1;8;9;59;5;20;U;C's;48
4;2015;5;1;8;9;59;5;20;U;IMAGINA BUR;112
4;2015;5;1;8;9;59;5;20;U;PCAS-TC;1
4;2015;5;1;8;9;59;5;20;U;PP;150
4;2015;5;1;8;9;59;5;20;U;PSOE;114
4;2015;5;1;8;9;59;5;20;U;PORBUR;5
4;2015;5;1;8;9;59;5;20;U;SAIn;8
4;2015;5;1;8;9;59;5;20;U;UPYD;15
4;2015;5;1;8;9;59;5;20;U;VOX;12
4;2015;5;1;8;9;59;5;21;U;C's;44
4;2015;5;1;8;9;59;5;21;U;IMAGINA BUR;97
4;2015;5;1;8;9;59;5;21;U;PCAS-TC;2
4;2015;5;1;8;9;59;5;21;U;PP;215
4;2015;5;1;8;9;59;5;21;U;PSOE;86
4;2015;5;1;8;9;59;5;21;U;PORBUR;20
4;2015;5;1;8;9;59;5;21;U;SAIn;2
4;2015;5;1;8;9;59;5;21;U;UPYD;12
4;2015;5;1;8;9;59;5;21;U;VOX;14
4;2015;5;1;8;9;59;5;22;A;C's;43
4;2015;5;1;8;9;59;5;22;A;IMAGINA BUR;45
4;2015;5;1;8;9;59;5;22;A;PCAS-TC;4
4;2015;5;1;8;9;59;5;22;A;PP;130
4;2015;5;1;8;9;59;5;22;A;PSOE;60
4;2015;5;1;8;9;59;5;22;A;PORBUR;12
4;2015;5;1;8;9;59;5;22;A;SAIn;1
4;2015;5;1;8;9;59;5;22;A;UPYD;4
4;2015;5;1;8;9;59;5;22;A;VOX;9
4;2015;5;1;8;9;59;5;22;B;C's;39
4;2015;5;1;8;9;59;5;22;B;IMAGINA BUR;36
4;2015;5;1;8;9;59;5;22;B;PCAS-TC;2
4;2015;5;1;8;9;59;5;22;B;PP;127
4;2015;5;1;8;9;59;5;22;B;PSOE;66
4;2015;5;1;8;9;59;5;22;B;PORBUR;8
4;2015;5;1;8;9;59;5;22;B;SAIn;6
4;2015;5;1;8;9;59;5;22;B;UPYD;5
4;2015;5;1;8;9;59;5;22;B;VOX;11
4;2015;5;1;8;9;59;5;23;U;C's;73
4;2015;5;1;8;9;59;5;23;U;IMAGINA BUR;77
4;2015;5;1;8;9;59;5;23;U;PCAS-TC;6
4;2015;5;1;8;9;59;5;23;U;PP;207
4;2015;5;1;8;9;59;5;23;U;PSOE;104
4;2015;5;1;8;9;59;5;23;U;PORBUR;14
4;2015;5;1;8;9;59;5;23;U;SAIn;9
4;2015;5;1;8;9;59;5;23;U;UPYD;11
4;2015;5;1;8;9;59;5;23;U;VOX;7
4;2015;5;1;8;9;59;5;24;A;C's;58
4;2015;5;1;8;9;59;5;24;A;IMAGINA BUR;143
4;2015;5;1;8;9;59;5;24;A;PCAS-TC;7
4;2015;5;1;8;9;59;5;24;A;PP;92
4;2015;5;1;8;9;59;5;24;A;PSOE;136
4;2015;5;1;8;9;59;5;24;A;PORBUR;15
4;2015;5;1;8;9;59;5;24;A;SAIn;2
4;2015;5;1;8;9;59;5;24;A;UPYD;10
4;2015;5;1;8;9;59;5;24;A;VOX;11
4;2015;5;1;8;9;59;5;24;B;C's;57
4;2015;5;1;8;9;59;5;24;B;IMAGINA BUR;123
4;2015;5;1;8;9;59;5;45;B;IMAGINA BUR;104
4;2015;5;1;8;9;59;5;45;B;PCAS-TC;5
4;2015;5;1;8;9;59;5;45;B;PP;86
4;2015;5;1;8;9;59;5;45;B;PSOE;113
4;2015;5;1;8;9;59;5;45;B;PORBUR;12
4;2015;5;1;8;9;59;5;45;B;SAIn;1
4;2015;5;1;8;9;59;5;45;B;UPYD;14
4;2015;5;1;8;9;59;5;45;B;VOX;8
4;2015;5;1;8;9;59;5;46;U;C's;88
4;2015;5;1;8;9;59;5;46;U;IMAGINA BUR;113
4;2015;5;1;8;9;59;5;46;U;PCAS-TC;5
4;2015;5;1;8;9;59;5;46;U;PP;129
4;2015;5;1;8;9;59;5;46;U;PSOE;134
4;2015;5;1;8;9;59;5;46;U;PORBUR;17
4;2015;5;1;8;9;59;5;46;U;SAIn;5
4;2015;5;1;8;9;59;5;46;U;UPYD;10
4;2015;5;1;8;9;59;5;46;U;VOX;4
4;2015;5;1;8;9;59;5;47;A;C's;100
4;2015;5;1;8;9;59;5;47;A;IMAGINA BUR;162
4;2015;5;1;8;9;59;5;47;A;PCAS-TC;8
4;2015;5;1;8;9;59;5;47;A;PP;85
4;2015;5;1;8;9;59;5;47;A;PSOE;131
4;2015;5;1;8;9;59;5;47;A;PORBUR;16
4;2015;5;1;8;9;59;5;47;A;SAIn;3
4;2015;5;1;8;9;59;5;47;A;UPYD;18
4;2015;5;1;8;9;59;5;47;A;VOX;4
4;2015;5;1;8;9;59;5;47;B;C's;114
4;2015;5;1;8;9;59;5;47;B;IMAGINA BUR;177
4;2015;5;1;8;9;59;5;47;B;PCAS-TC;4
4;2015;5;1;8;9;59;5;47;B;PP;94
4;2015;5;1;8;9;59;5;47;B;PSOE;129
4;2015;5;1;8;9;59;5;47;B;PORBUR;12
4;2015;5;1;8;9;59;5;47;B;SAIn;5
4;2015;5;1;8;9;59;5;47;B;UPYD;21
4;2015;5;1;8;9;59;5;47;B;VOX;8
4;2015;5;1;8;9;59;5;48;U;C's;89
4;2015;5;1;8;9;59;5;48;U;IMAGINA BUR;139
4;2015;5;1;8;9;59;5;48;U;PCAS-TC;2
4;2015;5;1;8;9;59;5;48;U;PP;150
4;2015;5;1;8;9;59;5;48;U;PSOE;102
4;2015;5;1;8;9;59;5;48;U;PORBUR;22
4;2015;5;1;8;9;59;5;48;U;SAIn;2
4;2015;5;1;8;9;59;5;48;U;UPYD;10
4;2015;5;1;8;9;59;5;48;U;VOX;14
4;2015;5;1;8;9;59;5;49;U;C's;109
4;2015;5;1;8;9;59;9;43;A;PP;95
4;2015;5;1;8;9;59;9;43;A;PSOE;123
4;2015;5;1;8;9;59;9;43;A;PORBUR;6
4;2015;5;1;8;9;59;9;43;A;SAIn;0
4;2015;5;1;8;9;59;9;43;A;UPYD;17
4;2015;5;1;8;9;59;9;43;A;VOX;8
4;2015;5;1;8;9;59;9;43;B;C's;124
4;2015;5;1;8;9;59;9;43;B;IMAGINA BUR;140
4;2015;5;1;8;9;59;9;43;B;PCAS-TC;7
4;2015;5;1;8;9;59;9;43;B;PP;124
4;2015;5;1;8;9;59;9;43;B;PSOE;152
4;2015;5;1;8;9;59;9;43;B;PORBUR;12
4;2015;5;1;8;9;59;9;43;B;SAIn;4
4;2015;5;1;8;9;59;9;43;B;UPYD;9
4;2015;5;1;8;9;59;9;43;B;VOX;9
4;2015;5;1;8;9;59;9;44;A;C's;40
4;2015;5;1;8;9;59;9;44;A;IMAGINA BUR;94
4;2015;5;1;8;9;59;9;44;A;PCAS-TC;6
4;2015;5;1;8;9;59;9;44;A;PP;77
4;2015;5;1;8;9;59;9;44;A;PSOE;102
4;2015;5;1;8;9;59;9;44;A;PORBUR;12
4;2015;5;1;8;9;59;9;44;A;SAIn;3
4;2015;5;1;8;9;59;9;44;A;UPYD;10
4;2015;5;1;8;9;59;9;44;A;VOX;10
4;2015;5;1;8;9;59;9;44;B;C's;62
4;2015;5;1;8;9;59;9;44;B;IMAGINA BUR;89
4;2015;5;1;8;9;59;9;44;B;PCAS-TC;4
4;2015;5;1;8;9;59;9;44;B;PP;72
4;2015;5;1;8;9;59;9;44;B;PSOE;78
4;2015;5;1;8;9;59;9;44;B;PORBUR;7
4;2015;5;1;8;9;59;9;44;B;SAIn;3
4;2015;5;1;8;9;59;9;44;B;UPYD;7
4;2015;5;1;8;9;59;9;44;B;VOX;5
