TIPO_ELECCION;AÑO;MES;VUELTA;COD_CCAA;COD_PROV;COD_MUN;DISTRITO;SECCION;COD_CAND;VOTOS_CAND
4;2015;5;1;8;9;59;7;6;C's;97
4;2015;5;1;8;9;59;7;6;IMAGINA BUR;133
4;2015;5;1;8;9;59;7;6;PCAS-TC;3
4;2015;5;1;8;9;59;7;6;PP;150
4;2015;5;1;8;9;59;7;6;PSOE;131
4;2015;5;1;8;9;59;7;6;PORBUR;37
4;2015;5;1;8;9;59;7;6;SAIn;2
4;2015;5;1;8;9;59;7;6;UPYD;14
4;2015;5;1;8;9;59;7;6;VOX;16
4;2015;5;1;8;9;59;7;7;C's;108
4;2015;5;1;8;9;59;7;7;IMAGINA BUR;127
4;2015;5;1;8;9;59;7;7;PCAS-TC;8
4;2015;5;1;8;9;59;7;7;PP;234
4;2015;5;1;8;9;59;7;7;PSOE;119
4;2015;5;1;8;9;59;7;7;PORBUR;19
4;2015;5;1;8;9;59;7;7;SAIn;1
4;2015;5;1;8;9;59;7;7;UPYD;21
4;2015;5;1;8;9;59;7;7;VOX;2
4;2015;5;1;8;9;59;7;8;C's;105
4;2015;5;1;8;9;59;7;8;IMAGINA BUR;145
4;2015;5;1;8;9;59;7;8;PCAS-TC;8
4;2015;5;1;8;9;59;7;8;PP;264
4;2015;5;1;8;9;59;7;8;PSOE;164
4;2015;5;1;8;9;59;7;8;PORBUR;30
4;2015;5;1;8;9;59;7;8;SAIn;7
4;2015;5;1;8;9;59;7;8;UPYD;20
4;2015;5;1;8;9;59;7;8;VOX;9
4;2015;5;1;8;9;59;7;9;C's;58
4;2015;5;1;8;9;59;7;9;IMAGINA BUR;91
4;2015;5;1;8;9;59;7;9;PCAS-TC;3
4;2015;5;1;8;9;59;7;9;PP;187
4;2015;5;1;8;9;59;7;9;PSOE;94
4;2015;5;1;8;9;59;7;9;PORBUR;15
4;2015;5;1;8;9;59;7;9;SAIn;2
4;2015;5;1;8;9;59;7;9;UPYD;7
4;2015;5;1;8;9;59;7;9;VOX;13
4;2015;5;1;8;9;59;7;10;C's;103
4;2015;5;1;8;9;59;7;10;IMAGINA BUR;165
4;2015;5;1;8;9;59;7;10;PCAS-TC;6
4;2015;5;1;8;9;59;7;10;PP;329
4;2015;5;1;8;9;59;7;10;PSOE;216
4;2015;5;1;8;9;59;7;10;PORBUR;25
4;2015;5;1;8;9;59;7;10;SAIn;5
4;2015;5;1;8;9;59;7;10;UPYD;24
4;2015;5;1;8;9;59;7;10;VOX;17
4;2015;5;1;8;9;59;8;1;C's;25
4;2015;5;1;8;9;59;8;1;IMAGINA BUR;57
4;2015;5;1;8;9;59;8;1;PCAS-TC;2
4;2015;5;1;8;9;59;8;1;PP;104
4;2015;5;1;8;9;59;8;1;PSOE;77
4;2015;5;1;8;9;59;8;1;PORBUR;9
4;2015;5;1;8;9;59;8;1;SAIn;3
4;2015;5;1;8;9;59;8;1;UPYD;6
4;2015;5;1;8;9;59;8;1;VOX;8
4;2015;5;1;8;9;59;8;2;C's;82
4;2015;5;1;8;9;59;8;2;IMAGINA BUR;142
4;2015;5;1;8;9;59;8;2;PCAS-TC;15
4;2015;5;1;8;9;59;8;2;PP;188
4;2015;5;1;8;9;59;8;2;PSOE;145
4;2015;5;1;8;9;59;8;2;PORBUR;23
4;2015;5;1;8;9;59;8;2;SAIn;2
4;2015;5;1;8;9;59;8;2;UPYD;9
4;2015;5;1;8;9;59;8;2;VOX;11
4;2015;5;1;8;9;59;8;3;C's;162
4;2015;5;1;8;9;59;8;3;IMAGINA BUR;231
4;2015;5;1;8;9;59;8;3;PCAS-TC;11
4;2015;5;1;8;9;59;8;3;PP;276
4;2015;5;1;8;9;59;8;3;PSOE;194
4;2015;5;1;8;9;59;8;3;PORBUR;38
4;2015;5;1;8;9;59;8;3;SAIn;10
4;2015;5;1;8;9;59;8;3;UPYD;31
4;2015;5;1;8;9;59;8;3;VOX;22
4;2015;5;1;8;9;59;8;4;C's;158
4;2015;5;1;8;9;59;8;4;IMAGINA BUR;70
4;2015;5;1;8;9;59;8;4;PCAS-TC;1
4;2015;5;1;8;9;59;8;4;PP;275
4;2015;5;1;8;9;59;8;4;PSOE;85
4;2015;5;1;8;9;59;8;4;PORBUR;21
4;2015;5;1;8;9;59;8;4;SAIn;6
4;2015;5;1;8;9;59;8;4;UPYD;16
4;2015;5;1;8;9;59;8;4;VOX;37
4;2015;5;1;8;9;59;8;5;C's;281
4;2015;5;1;8;9;59;8;5;IMAGINA BUR;284
4;2015;5;1;8;9;59;8;5;PCAS-TC;5
4;2015;5;1;8;9;59;8;5;PP;338
4;2015;5;1;8;9;59;8;5;PSOE;229
4;2015;5;1;8;9;59;8;5;PORBUR;36
4;2015;5;1;8;9;59;8;5;SAIn;8
4;2015;5;1;8;9;59;8;5;UPYD;29
4;2015;5;1;8;9;59;8;5;VOX;24
4;2015;5;1;8;9;59;9;2;C's;29
4;2015;5;1;8;9;59;9;2;IMAGINA BUR;95
4;2015;5;1;8;9;59;9;2;PCAS-TC;8
4;2015;5;1;8;9;59;9;2;PP;138
4;2015;5;1;8;9;59;9;2;PSOE;172
4;2015;5;1;8;9;59;9;2;PORBUR;9
4;2015;5;1;8;9;59;9;2;SAIn;2
4;2015;5;1;8;9;59;9;2;UPYD;9
4;2015;5;1;8;9;59;9;2;VOX;9
4;2015;5;1;8;9;59;9;3;C's;67
4;2015;5;1;8;9;59;9;3;IMAGINA BUR;140
4;2015;5;1;8;9;59;9;3;PCAS-TC;8
4;2015;5;1;8;9;59;9;3;PP;174
4;2015;5;1;8;9;59;9;3;PSOE;209
4;2015;5;1;8;9;59;9;3;PORBUR;10
4;2015;5;1;8;9;59;9;3;SAIn;1
4;2015;5;1;8;9;59;9;3;UPYD;13
4;2015;5;1;8;9;59;9;3;VOX;6
4;2015;5;1;8;9;59;9;4;C's;31
4;2015;5;1;8;9;59;9;4;IMAGINA BUR;57
4;2015;5;1;8;9;59;9;4;PCAS-TC;9
4;2015;5;1;8;9;59;9;4;PP;106
4;2015;5;1;8;9;59;9;4;PSOE;135
4;2015;5;1;8;9;59;9;4;PORBUR;8
4;2015;5;1;8;9;59;9;4;SAIn;3
4;2015;5;1;8;9;59;9;4;UPYD;4
4;2015;5;1;8;9;59;9;4;VOX;2
4;2015;5;1;8;9;59;9;5;C's;42
4;2015;5;1;8;9;59;9;5;IMAGINA BUR;90
4;2015;5;1;8;9;59;9;5;PCAS-TC;5
4;2015;5;1;8;9;59;9;5;PP;107
4;2015;5;1;8;9;59;9;5;PSOE;178
4;2015;5;1;8;9;59;9;5;PORBUR;10
4;2015;5;1;8;9;59;9;5;SAIn;3
4;2015;5;1;8;9;59;9;5;UPYD;8
4;2015;5;1;8;9;59;9;5;VOX;7
4;2015;5;1;8;9;59;9;6;C's;58
4;2015;5;1;8;9;59;9;6;IMAGINA BUR;111
4;2015;5;1;8;9;59;9;6;PCAS-TC;3
4;2015;5;1;8;9;59;9;6;PP;120
4;2015;5;1;8;9;59;9;6;PSOE;119
4;2015;5;1;8;9;59;9;6;PORBUR;15
4;2015;5;1;8;9;59;9;6;SAIn;0
4;2015;5;1;8;9;59;9;6;UPYD;17
4;2015;5;1;8;9;59;9;6;VOX;5
4;2015;5;1;8;9;59;9;7;C's;158
4;2015;5;1;8;9;59;9;7;IMAGINA BUR;190
4;2015;5;1;8;9;59;9;7;PCAS-TC;14
4;2015;5;1;8;9;59;9;7;PP;308
4;2015;5;1;8;9;59;9;7;PSOE;279
4;2015;5;1;8;9;59;9;7;PORBUR;17
4;2015;5;1;8;9;59;9;7;SAIn;2
4;2015;5;1;8;9;59;9;7;UPYD;21
4;2015;5;1;8;9;59;9;7;VOX;18
4;2015;5;1;8;9;59;9;8;C's;32
4;2015;5;1;8;9;59;9;8;IMAGINA BUR;117
4;2015;5;1;8;9;59;9;8;PCAS-TC;2
4;2015;5;1;8;9;59;9;8;PP;193
4;2015;5;1;8;9;59;9;8;PSOE;158
4;2015;5;1;8;9;59;9;8;PORBUR;11
4;2015;5;1;8;9;59;9;8;SAIn;2
4;2015;5;1;8;9;59;9;8;UPYD;8
4;2015;5;1;8;9;59;9;8;VOX;14
4;2015;5;1;8;9;59;9;9;C's;53
4;2015;5;1;8;9;59;9;9;IMAGINA BUR;95
4;2015;5;1;8;9;59;9;9;PCAS-TC;3
4;2015;5;1;8;9;59;9;9;PP;110
4;2015;5;1;8;9;59;9;9;PSOE;137
4;2015;5;1;8;9;59;9;9;PORBUR;8
4;2015;5;1;8;9;59;9;9;SAIn;4
4;2015;5;1;8;9;59;9;9;UPYD;22
4;2015;5;1;8;9;59;9;9;VOX;7
4;2015;5;1;8;9;59;9;10;C's;30
4;2015;5;1;8;9;59;9;10;IMAGINA BUR;90
4;2015;5;1;8;9;59;9;10;PCAS-TC;3
4;2015;5;1;8;9;59;9;10;PP;117
4;2015;5;1;8;9;59;9;10;PSOE;115
4;2015;5;1;8;9;59;9;10;PORBUR;7
4;2015;5;1;8;9;59;9;10;SAIn;4
4;2015;5;1;8;9;59;9;10;UPYD;9
4;2015;5;1;8;9;59;9;10;VOX;20
4;2015;5;1;8;9;59;9;11;C's;64
4;2015;5;1;8;9;59;9;11;IMAGINA BUR;86
4;2015;5;1;8;9;59;9;11;PCAS-TC;5
4;2015;5;1;8;9;59;9;11;PP;168
4;2015;5;1;8;9;59;9;11;PSOE;179
4;2015;5;1;8;9;59;9;11;PORBUR;11
4;2015;5;1;8;9;59;9;11;SAIn;2
4;2015;5;1;8;9;59;9;11;UPYD;12
4;2015;5;1;8;9;59;9;11;VOX;9
4;2015;5;1;8;9;59;9;12;C's;85
4;2015;5;1;8;9;59;9;12;IMAGINA BUR;241
4;2015;5;1;8;9;59;9;12;PCAS-TC;11
4;2015;5;1;8;9;59;9;12;PP;202
4;2015;5;1;8;9;59;9;12;PSOE;281
4;2015;5;1;8;9;59;9;12;PORBUR;16
4;2015;5;1;8;9;59;9;12;SAIn;5
4;2015;5;1;8;9;59;9;12;UPYD;29
4;2015;5;1;8;9;59;9;12;VOX;28
4;2015;5;1;8;9;59;9;13;C's;59
4;2015;5;1;8;9;59;9;13;IMAGINA BUR;108
4;2015;5;1;8;9;59;9;13;PCAS-TC;3
4;2015;5;1;8;9;59;9;13;PP;138
4;2015;5;1;8;9;59;9;13;PSOE;143
4;2015;5;1;8;9;59;9;13;PORBUR;11
4;2015;5;1;8;9;59;9;13;SAIn;0
4;2015;5;1;8;9;59;9;13;UPYD;9
4;2015;5;1;8;9;59;9;13;VOX;2
4;2015;5;1;8;9;59;9;14;C's;34
4;2015;5;1;8;9;59;9;14;IMAGINA BUR;99
4;2015;5;1;8;9;59;9;14;PCAS-TC;8
4;2015;5;1;8;9;59;9;14;PP;121
4;2015;5;1;8;9;59;9;14;PSOE;159
4;2015;5;1;8;9;59;9;14;PORBUR;20
4;2015;5;1;8;9;59;9;14;SAIn;3
4;2015;5;1;8;9;59;9;14;UPYD;14
4;2015;5;1;8;9;59;9;14;VOX;5
4;2015;5;1;8;9;59;9;15;C's;67
4;2015;5;1;8;9;59;9;15;IMAGINA BUR;123
4;2015;5;1;8;9;59;9;15;PCAS-TC;5
4;2015;5;1;8;9;59;9;15;PP;105
4;2015;5;1;8;9;59;9;15;PSOE;169
4;2015;5;1;8;9;59;9;15;PORBUR;11
4;2015;5;1;8;9;59;9;15;SAIn;6
4;2015;5;1;8;9;59;9;15;UPYD;15
4;2015;5;1;8;9;59;9;15;VOX;5
4;2015;5;1;8;9;59;9;16;C's;162
4;2015;5;1;8;9;59;9;16;IMAGINA BUR;193
4;2015;5;1;8;9;59;9;16;PCAS-TC;20
4;2015;5;1;8;9;59;9;16;PP;266
4;2015;5;1;8;9;59;9;16;PSOE;265
4;2015;5;1;8;9;59;9;16;PORBUR;18
4;2015;5;1;8;9;59;9;16;SAIn;0
4;2015;5;1;8;9;59;9;16;UPYD;33
4;2015;5;1;8;9;59;9;16;VOX;15
4;2015;5;1;8;9;59;8;6;C's;110
4;2015;5;1;8;9;59;8;6;IMAGINA BUR;158
4;2015;5;1;8;9;59;8;6;PCAS-TC;4
4;2015;5;1;8;9;59;8;6;PP;323
4;2015;5;1;8;9;59;8;6;PSOE;143
4;2015;5;1;8;9;59;8;6;PORBUR;26
4;2015;5;1;8;9;59;8;6;SAIn;7
4;2015;5;1;8;9;59;8;6;UPYD;22
4;2015;5;1;8;9;59;8;6;VOX;35
4;2015;5;1;8;9;59;8;7;C's;44
4;2015;5;1;8;9;59;8;7;IMAGINA BUR;95
4;2015;5;1;8;9;59;8;7;PCAS-TC;5
4;2015;5;1;8;9;59;8;7;PP;144
4;2015;5;1;8;9;59;8;7;PSOE;118
4;2015;5;1;8;9;59;8;7;PORBUR;15
4;2015;5;1;8;9;59;8;7;SAIn;0
4;2015;5;1;8;9;59;8;7;UPYD;5
4;2015;5;1;8;9;59;8;7;VOX;9
4;2015;5;1;8;9;59;8;8;C's;149
4;2015;5;1;8;9;59;8;8;IMAGINA BUR;237
4;2015;5;1;8;9;59;8;8;PCAS-TC;9
4;2015;5;1;8;9;59;8;8;PP;277
4;2015;5;1;8;9;59;8;8;PSOE;229
4;2015;5;1;8;9;59;8;8;PORBUR;36
4;2015;5;1;8;9;59;8;8;SAIn;11
4;2015;5;1;8;9;59;8;8;UPYD;33
4;2015;5;1;8;9;59;8;8;VOX;14
4;2015;5;1;8;9;59;8;9;C's;56
4;2015;5;1;8;9;59;8;9;IMAGINA BUR;87
4;2015;5;1;8;9;59;8;9;PCAS-TC;8
4;2015;5;1;8;9;59;8;9;PP;146
4;2015;5;1;8;9;59;8;9;PSOE;89
4;2015;5;1;8;9;59;8;9;PORBUR;6
4;2015;5;1;8;9;59;8;9;SAIn;1
4;2015;5;1;8;9;59;8;9;UPYD;16
4;2015;5;1;8;9;59;8;9;VOX;2
4;2015;5;1;8;9;59;8;10;C's;102
4;2015;5;1;8;9;59;8;10;IMAGINA BUR;158
4;2015;5;1;8;9;59;8;10;PCAS-TC;11
4;2015;5;1;8;9;59;8;10;PP;148
4;2015;5;1;8;9;59;8;10;PSOE;114
4;2015;5;1;8;9;59;8;10;PORBUR;22
4;2015;5;1;8;9;59;8;10;SAIn;3
4;2015;5;1;8;9;59;8;10;UPYD;12
4;2015;5;1;8;9;59;8;10;VOX;13
4;2015;5;1;8;9;59;8;11;C's;180
4;2015;5;1;8;9;59;8;11;IMAGINA BUR;107
4;2015;5;1;8;9;59;8;11;PCAS-TC;3
4;2015;5;1;8;9;59;8;11;PP;309
4;2015;5;1;8;9;59;8;11;PSOE;114
4;2015;5;1;8;9;59;8;11;PORBUR;21
4;2015;5;1;8;9;59;8;11;SAIn;4
4;2015;5;1;8;9;59;8;11;UPYD;31
4;2015;5;1;8;9;59;8;11;VOX;22
4;2015;5;1;8;9;59;9;1;C's;41
4;2015;5;1;8;9;59;9;1;IMAGINA BUR;117
4;2015;5;1;8;9;59;9;1;PCAS-TC;6
4;2015;5;1;8;9;59;9;1;PP;143
4;2015;5;1;8;9;59;9;1;PSOE;156
4;2015;5;1;8;9;59;9;1;PORBUR;4
4;2015;5;1;8;9;59;9;1;SAIn;2
4;2015;5;1;8;9;59;9;1;UPYD;13
4;2015;5;1;8;9;59;9;1;VOX;5
4;2015;5;1;8;9;59;6;6;PORBUR;20
4;2015;5;1;8;9;59;6;6;SAIn;3
4;2015;5;1;8;9;59;6;6;UPYD;15
4;2015;5;1;8;9;59;6;6;VOX;16
4;2015;5;1;8;9;59;6;6;C's;92
4;2015;5;1;8;9;59;6;6;IMAGINA BUR;140
4;2015;5;1;8;9;59;6;6;PCAS-TC;2
4;2015;5;1;8;9;59;6;6;PP;228
4;2015;5;1;8;9;59;6;6;PSOE;118
4;2015;5;1;8;9;59;6;7;C's;152
4;2015;5;1;8;9;59;6;7;IMAGINA BUR;171
4;2015;5;1;8;9;59;6;7;PCAS-TC;9
4;2015;5;1;8;9;59;6;7;PP;405
4;2015;5;1;8;9;59;6;7;PSOE;192
4;2015;5;1;8;9;59;6;7;PORBUR;16
4;2015;5;1;8;9;59;6;7;SAIn;11
4;2015;5;1;8;9;59;6;7;UPYD;27
4;2015;5;1;8;9;59;6;7;VOX;12
4;2015;5;1;8;9;59;6;8;C's;80
4;2015;5;1;8;9;59;6;8;IMAGINA BUR;118
4;2015;5;1;8;9;59;6;8;PCAS-TC;6
4;2015;5;1;8;9;59;6;8;PP;140
4;2015;5;1;8;9;59;6;8;PSOE;116
4;2015;5;1;8;9;59;6;8;PORBUR;17
4;2015;5;1;8;9;59;6;8;SAIn;9
4;2015;5;1;8;9;59;6;8;UPYD;24
4;2015;5;1;8;9;59;6;8;VOX;10
4;2015;5;1;8;9;59;6;9;C's;42
4;2015;5;1;8;9;59;6;9;IMAGINA BUR;78
4;2015;5;1;8;9;59;6;9;PCAS-TC;4
4;2015;5;1;8;9;59;6;9;PP;183
4;2015;5;1;8;9;59;6;9;PSOE;95
4;2015;5;1;8;9;59;6;9;PORBUR;10
4;2015;5;1;8;9;59;6;9;SAIn;6
4;2015;5;1;8;9;59;6;9;UPYD;11
4;2015;5;1;8;9;59;6;9;VOX;4
4;2015;5;1;8;9;59;6;10;C's;47
4;2015;5;1;8;9;59;6;10;IMAGINA BUR;60
4;2015;5;1;8;9;59;6;10;PCAS-TC;5
4;2015;5;1;8;9;59;6;10;PP;125
4;2015;5;1;8;9;59;6;10;PSOE;99
4;2015;5;1;8;9;59;6;10;PORBUR;4
4;2015;5;1;8;9;59;6;10;SAIn;2
4;2015;5;1;8;9;59;6;10;UPYD;7
4;2015;5;1;8;9;59;6;10;VOX;5
4;2015;5;1;8;9;59;6;11;C's;46
4;2015;5;1;8;9;59;6;11;IMAGINA BUR;69
4;2015;5;1;8;9;59;6;11;PCAS-TC;3
4;2015;5;1;8;9;59;6;11;PP;165
4;2015;5;1;8;9;59;6;11;PSOE;83
4;2015;5;1;8;9;59;6;11;PORBUR;10
4;2015;5;1;8;9;59;6;11;SAIn;1
4;2015;5;1;8;9;59;6;11;UPYD;8
4;2015;5;1;8;9;59;6;11;VOX;11
4;2015;5;1;8;9;59;6;12;C's;95
4;2015;5;1;8;9;59;6;12;IMAGINA BUR;98
4;2015;5;1;8;9;59;6;12;PCAS-TC;2
4;2015;5;1;8;9;59;6;12;PP;251
4;2015;5;1;8;9;59;6;12;PSOE;119
4;2015;5;1;8;9;59;6;12;PORBUR;19
4;2015;5;1;8;9;59;6;12;SAIn;0
4;2015;5;1;8;9;59;6;12;UPYD;12
4;2015;5;1;8;9;59;6;12;VOX;15
4;2015;5;1;8;9;59;7;1;C's;65
4;2015;5;1;8;9;59;7;1;IMAGINA BUR;72
4;2015;5;1;8;9;59;7;1;PCAS-TC;2
4;2015;5;1;8;9;59;7;1;PP;210
4;2015;5;1;8;9;59;7;1;PSOE;69
4;2015;5;1;8;9;59;7;1;PORBUR;13
4;2015;5;1;8;9;59;7;1;SAIn;6
4;2015;5;1;8;9;59;7;1;UPYD;6
4;2015;5;1;8;9;59;7;1;VOX;6
4;2015;5;1;8;9;59;7;2;C's;66
4;2015;5;1;8;9;59;7;2;IMAGINA BUR;105
4;2015;5;1;8;9;59;7;2;PCAS-TC;4
4;2015;5;1;8;9;59;7;2;PP;248
4;2015;5;1;8;9;59;7;2;PSOE;101
4;2015;5;1;8;9;59;7;2;PORBUR;24
4;2015;5;1;8;9;59;7;2;SAIn;12
4;2015;5;1;8;9;59;7;2;UPYD;12
4;2015;5;1;8;9;59;7;2;VOX;17
4;2015;5;1;8;9;59;7;3;C's;140
4;2015;5;1;8;9;59;7;3;IMAGINA BUR;167
4;2015;5;1;8;9;59;7;3;PCAS-TC;9
4;2015;5;1;8;9;59;7;3;PP;293
4;2015;5;1;8;9;59;7;3;PSOE;153
4;2015;5;1;8;9;59;7;3;PORBUR;21
4;2015;5;1;8;9;59;7;3;SAIn;6
4;2015;5;1;8;9;59;7;3;UPYD;16
4;2015;5;1;8;9;59;7;3;VOX;22
4;2015;5;1;8;9;59;7;4;C's;59
4;2015;5;1;8;9;59;7;4;IMAGINA BUR;103
4;2015;5;1;8;9;59;7;4;PCAS-TC;7
4;2015;5;1;8;9;59;7;4;PP;249
4;2015;5;1;8;9;59;7;4;PSOE;116
4;2015;5;1;8;9;59;7;4;PORBUR;4
4;2015;5;1;8;9;59;7;4;SAIn;0
4;2015;5;1;8;9;59;7;4;UPYD;4
4;2015;5;1;8;9;59;7;4;VOX;18
4;2015;5;1;8;9;59;7;5;C's;56
4;2015;5;1;8;9;59;7;5;IMAGINA BUR;78
4;2015;5;1;8;9;59;7;5;PCAS-TC;6
4;2015;5;1;8;9;59;7;5;PP;139
4;2015;5;1;8;9;59;7;5;PSOE;94
4;2015;5;1;8;9;59;7;5;PORBUR;8
4;2015;5;1;8;9;59;7;5;SAIn;3
4;2015;5;1;8;9;59;7;5;UPYD;9
4;2015;5;1;8;9;59;7;5;VOX;7
4;2015;5;1;8;9;59;5;24;PCAS-TC;14
4;2015;5;1;8;9;59;5;24;PP;196
4;2015;5;1;8;9;59;5;24;PSOE;245
4;2015;5;1;8;9;59;5;24;PORBUR;26
4;2015;5;1;8;9;59;5;24;SAIn;8
4;2015;5;1;8;9;59;5;24;UPYD;24
4;2015;5;1;8;9;59;5;24;VOX;16
4;2015;5;1;8;9;59;5;24;C's;115
4;2015;5;1;8;9;59;5;24;IMAGINA BUR;266
4;2015;5;1;8;9;59;5;25;C's;89
4;2015;5;1;8;9;59;5;25;IMAGINA BUR;119
4;2015;5;1;8;9;59;5;25;PCAS-TC;2
4;2015;5;1;8;9;59;5;25;PP;361
4;2015;5;1;8;9;59;5;25;PSOE;105
4;2015;5;1;8;9;59;5;25;PORBUR;29
4;2015;5;1;8;9;59;5;25;SAIn;4
4;2015;5;1;8;9;59;5;25;UPYD;9
4;2015;5;1;8;9;59;5;25;VOX;28
4;2015;5;1;8;9;59;3;6;VOX;16
4;2015;5;1;8;9;59;3;6;C's;136
4;2015;5;1;8;9;59;3;6;IMAGINA BUR;253
4;2015;5;1;8;9;59;3;6;PCAS-TC;15
4;2015;5;1;8;9;59;3;6;PP;274
4;2015;5;1;8;9;59;3;6;PSOE;270
4;2015;5;1;8;9;59;3;6;PORBUR;29
4;2015;5;1;8;9;59;3;6;SAIn;5
4;2015;5;1;8;9;59;3;6;UPYD;32
4;2015;5;1;8;9;59;3;7;C's;90
4;2015;5;1;8;9;59;3;7;IMAGINA BUR;107
4;2015;5;1;8;9;59;3;7;PCAS-TC;5
4;2015;5;1;8;9;59;3;7;PP;289
4;2015;5;1;8;9;59;3;7;PSOE;115
4;2015;5;1;8;9;59;3;7;PORBUR;22
4;2015;5;1;8;9;59;3;7;SAIn;3
4;2015;5;1;8;9;59;3;7;UPYD;10
4;2015;5;1;8;9;59;3;7;VOX;14
4;2015;5;1;8;9;59;3;8;C's;112
4;2015;5;1;8;9;59;3;8;IMAGINA BUR;155
4;2015;5;1;8;9;59;3;8;PCAS-TC;9
4;2015;5;1;8;9;59;3;8;PP;197
4;2015;5;1;8;9;59;3;8;PSOE;169
4;2015;5;1;8;9;59;3;8;PORBUR;15
4;2015;5;1;8;9;59;3;8;SAIn;7
4;2015;5;1;8;9;59;3;8;UPYD;23
4;2015;5;1;8;9;59;3;8;VOX;11
4;2015;5;1;8;9;59;5;26;C's;108
4;2015;5;1;8;9;59;5;26;IMAGINA BUR;71
4;2015;5;1;8;9;59;5;26;PCAS-TC;3
4;2015;5;1;8;9;59;5;26;PP;318
4;2015;5;1;8;9;59;5;26;PSOE;46
4;2015;5;1;8;9;59;5;26;PORBUR;16
4;2015;5;1;8;9;59;5;26;SAIn;0
4;2015;5;1;8;9;59;5;26;UPYD;12
4;2015;5;1;8;9;59;5;26;VOX;19
4;2015;5;1;8;9;59;5;27;C's;84
4;2015;5;1;8;9;59;5;27;IMAGINA BUR;64
4;2015;5;1;8;9;59;5;27;PCAS-TC;2
4;2015;5;1;8;9;59;5;27;PP;265
4;2015;5;1;8;9;59;5;27;PSOE;62
4;2015;5;1;8;9;59;5;27;PORBUR;13
4;2015;5;1;8;9;59;5;27;SAIn;1
4;2015;5;1;8;9;59;5;27;UPYD;11
4;2015;5;1;8;9;59;5;27;VOX;32
4;2015;5;1;8;9;59;5;28;C's;92
4;2015;5;1;8;9;59;5;28;IMAGINA BUR;39
4;2015;5;1;8;9;59;5;28;PCAS-TC;4
4;2015;5;1;8;9;59;5;28;PP;251
4;2015;5;1;8;9;59;5;28;PSOE;44
4;2015;5;1;8;9;59;5;28;PORBUR;2
4;2015;5;1;8;9;59;5;28;SAIn;1
4;2015;5;1;8;9;59;5;28;UPYD;19
4;2015;5;1;8;9;59;5;28;VOX;18
4;2015;5;1;8;9;59;5;29;C's;43
4;2015;5;1;8;9;59;5;29;IMAGINA BUR;62
4;2015;5;1;8;9;59;5;29;PCAS-TC;3
4;2015;5;1;8;9;59;5;29;PP;177
4;2015;5;1;8;9;59;5;29;PSOE;86
4;2015;5;1;8;9;59;5;29;PORBUR;13
4;2015;5;1;8;9;59;5;29;SAIn;2
4;2015;5;1;8;9;59;5;29;UPYD;6
4;2015;5;1;8;9;59;5;29;VOX;17
4;2015;5;1;8;9;59;5;30;C's;32
4;2015;5;1;8;9;59;5;30;IMAGINA BUR;117
4;2015;5;1;8;9;59;5;30;PCAS-TC;2
4;2015;5;1;8;9;59;5;30;PP;95
4;2015;5;1;8;9;59;5;30;PSOE;129
4;2015;5;1;8;9;59;5;30;PORBUR;10
4;2015;5;1;8;9;59;5;30;SAIn;2
4;2015;5;1;8;9;59;5;30;UPYD;14
4;2015;5;1;8;9;59;5;30;VOX;17
4;2015;5;1;8;9;59;5;31;C's;82
4;2015;5;1;8;9;59;5;31;IMAGINA BUR;128
4;2015;5;1;8;9;59;5;31;PCAS-TC;2
4;2015;5;1;8;9;59;5;31;PP;149
4;2015;5;1;8;9;59;5;31;PSOE;99
4;2015;5;1;8;9;59;5;31;PORBUR;14
4;2015;5;1;8;9;59;5;31;SAIn;2
4;2015;5;1;8;9;59;5;31;UPYD;10
4;2015;5;1;8;9;59;5;31;VOX;15
4;2015;5;1;8;9;59;5;32;C's;127
4;2015;5;1;8;9;59;5;32;IMAGINA BUR;130
4;2015;5;1;8;9;59;5;32;PCAS-TC;4
4;2015;5;1;8;9;59;5;32;PP;284
4;2015;5;1;8;9;59;5;32;PSOE;144
4;2015;5;1;8;9;59;5;32;PORBUR;20
4;2015;5;1;8;9;59;5;32;SAIn;3
4;2015;5;1;8;9;59;5;32;UPYD;23
4;2015;5;1;8;9;59;5;32;VOX;22
4;2015;5;1;8;9;59;5;33;C's;173
4;2015;5;1;8;9;59;5;33;IMAGINA BUR;236
4;2015;5;1;8;9;59;5;33;PCAS-TC;17
4;2015;5;1;8;9;59;5;33;PP;312
4;2015;5;1;8;9;59;5;33;PSOE;210
4;2015;5;1;8;9;59;5;33;PORBUR;34
4;2015;5;1;8;9;59;5;33;SAIn;3
4;2015;5;1;8;9;59;5;33;UPYD;20
4;2015;5;1;8;9;59;5;33;VOX;31
4;2015;5;1;8;9;59;5;34;C's;40
4;2015;5;1;8;9;59;5;34;IMAGINA BUR;51
4;2015;5;1;8;9;59;5;34;PCAS-TC;1
4;2015;5;1;8;9;59;5;34;PP;165
4;2015;5;1;8;9;59;5;34;PSOE;65
4;2015;5;1;8;9;59;5;34;PORBUR;10
4;2015;5;1;8;9;59;5;34;SAIn;5
4;2015;5;1;8;9;59;5;34;UPYD;5
4;2015;5;1;8;9;59;5;34;VOX;13
4;2015;5;1;8;9;59;5;35;C's;132
4;2015;5;1;8;9;59;5;35;IMAGINA BUR;149
4;2015;5;1;8;9;59;5;35;PCAS-TC;5
4;2015;5;1;8;9;59;5;35;PP;123
4;2015;5;1;8;9;59;5;35;PSOE;151
4;2015;5;1;8;9;59;5;35;PORBUR;16
4;2015;5;1;8;9;59;5;35;SAIn;3
4;2015;5;1;8;9;59;5;35;UPYD;26
4;2015;5;1;8;9;59;5;35;VOX;10
4;2015;5;1;8;9;59;9;17;C's;39
4;2015;5;1;8;9;59;9;17;IMAGINA BUR;93
4;2015;5;1;8;9;59;9;17;PCAS-TC;2
4;2015;5;1;8;9;59;9;17;PP;112
4;2015;5;1;8;9;59;9;17;PSOE;141
4;2015;5;1;8;9;59;9;17;PORBUR;5
4;2015;5;1;8;9;59;9;17;SAIn;2
4;2015;5;1;8;9;59;9;17;UPYD;7
4;2015;5;1;8;9;59;9;17;VOX;4
4;2015;5;1;8;9;59;9;18;C's;23
4;2015;5;1;8;9;59;9;18;IMAGINA BUR;68
4;2015;5;1;8;9;59;9;18;PCAS-TC;3
4;2015;5;1;8;9;59;9;18;PP;111
4;2015;5;1;8;9;59;9;18;PSOE;107
4;2015;5;1;8;9;59;9;18;PORBUR;2
4;2015;5;1;8;9;59;9;18;SAIn;0
4;2015;5;1;8;9;59;9;18;UPYD;4
4;2015;5;1;8;9;59;9;18;VOX;7
4;2015;5;1;8;9;59;3;9;C's;148
4;2015;5;1;8;9;59;3;9;IMAGINA BUR;279
4;2015;5;1;8;9;59;3;9;PCAS-TC;12
4;2015;5;1;8;9;59;3;9;PP;247
4;2015;5;1;8;9;59;3;9;PSOE;221
4;2015;5;1;8;9;59;3;9;PORBUR;28
4;2015;5;1;8;9;59;3;9;SAIn;8
4;2015;5;1;8;9;59;3;9;UPYD;27
4;2015;5;1;8;9;59;3;9;VOX;22
4;2015;5;1;8;9;59;3;10;C's;176
4;2015;5;1;8;9;59;3;10;IMAGINA BUR;249
4;2015;5;1;8;9;59;3;10;PCAS-TC;12
4;2015;5;1;8;9;59;3;10;PP;152
4;2015;5;1;8;9;59;3;10;PSOE;195
4;2015;5;1;8;9;59;3;10;PORBUR;20
4;2015;5;1;8;9;59;3;10;SAIn;18
4;2015;5;1;8;9;59;3;10;UPYD;31
4;2015;5;1;8;9;59;3;10;VOX;13
4;2015;5;1;8;9;59;3;11;C's;93
4;2015;5;1;8;9;59;3;11;IMAGINA BUR;171
4;2015;5;1;8;9;59;3;11;PCAS-TC;7
4;2015;5;1;8;9;59;3;11;PP;79
4;2015;5;1;8;9;59;3;11;PSOE;103
4;2015;5;1;8;9;59;3;11;PORBUR;16
4;2015;5;1;8;9;59;3;11;SAIn;0
4;2015;5;1;8;9;59;3;11;UPYD;7
4;2015;5;1;8;9;59;3;11;VOX;10
4;2015;5;1;8;9;59;4;1;C's;58
4;2015;5;1;8;9;59;4;1;IMAGINA BUR;141
4;2015;5;1;8;9;59;4;1;PCAS-TC;4
4;2015;5;1;8;9;59;4;1;PP;165
4;2015;5;1;8;9;59;4;1;PSOE;107
4;2015;5;1;8;9;59;4;1;PORBUR;12
4;2015;5;1;8;9;59;4;1;SAIn;4
4;2015;5;1;8;9;59;4;1;UPYD;10
4;2015;5;1;8;9;59;4;1;VOX;22
4;2015;5;1;8;9;59;4;2;C's;37
4;2015;5;1;8;9;59;4;2;IMAGINA BUR;92
4;2015;5;1;8;9;59;4;2;PCAS-TC;5
4;2015;5;1;8;9;59;4;2;PP;147
4;2015;5;1;8;9;59;4;2;PSOE;96
4;2015;5;1;8;9;59;4;2;PORBUR;6
4;2015;5;1;8;9;59;4;2;SAIn;3
4;2015;5;1;8;9;59;4;2;UPYD;4
4;2015;5;1;8;9;59;4;2;VOX;11
4;2015;5;1;8;9;59;4;3;C's;34
4;2015;5;1;8;9;59;4;3;IMAGINA BUR;113
4;2015;5;1;8;9;59;4;3;PCAS-TC;7
4;2015;5;1;8;9;59;4;3;PP;69
4;2015;5;1;8;9;59;4;3;PSOE;64
4;2015;5;1;8;9;59;4;3;PORBUR;7
4;2015;5;1;8;9;59;4;3;SAIn;2
4;2015;5;1;8;9;59;4;3;UPYD;5
4;2015;5;1;8;9;59;4;3;VOX;4
4;2015;5;1;8;9;59;4;4;C's;24
4;2015;5;1;8;9;59;4;4;IMAGINA BUR;124
4;2015;5;1;8;9;59;4;4;PCAS-TC;5
4;2015;5;1;8;9;59;4;4;PP;86
4;2015;5;1;8;9;59;4;4;PSOE;76
4;2015;5;1;8;9;59;4;4;PORBUR;6
4;2015;5;1;8;9;59;4;4;SAIn;6
4;2015;5;1;8;9;59;4;4;UPYD;10
4;2015;5;1;8;9;59;4;4;VOX;5
4;2015;5;1;8;9;59;5;1;C's;83
4;2015;5;1;8;9;59;5;1;IMAGINA BUR;147
4;2015;5;1;8;9;59;5;1;PCAS-TC;11
4;2015;5;1;8;9;59;5;1;PP;217
4;2015;5;1;8;9;59;5;1;PSOE;169
4;2015;5;1;8;9;59;5;1;PORBUR;21
4;2015;5;1;8;9;59;5;1;SAIn;6
4;2015;5;1;8;9;59;5;1;UPYD;11
4;2015;5;1;8;9;59;5;1;VOX;17
4;2015;5;1;8;9;59;9;19;C's;65
4;2015;5;1;8;9;59;9;19;IMAGINA BUR;146
4;2015;5;1;8;9;59;9;19;PCAS-TC;6
4;2015;5;1;8;9;59;9;19;PP;126
4;2015;5;1;8;9;59;9;19;PSOE;156
4;2015;5;1;8;9;59;9;19;PORBUR;11
4;2015;5;1;8;9;59;9;19;SAIn;2
4;2015;5;1;8;9;59;9;19;UPYD;13
4;2015;5;1;8;9;59;9;19;VOX;8
4;2015;5;1;8;9;59;9;20;C's;37
4;2015;5;1;8;9;59;9;20;IMAGINA BUR;70
4;2015;5;1;8;9;59;9;20;PCAS-TC;0
4;2015;5;1;8;9;59;9;20;PP;113
4;2015;5;1;8;9;59;9;20;PSOE;100
4;2015;5;1;8;9;59;9;20;PORBUR;9
4;2015;5;1;8;9;59;9;20;SAIn;1
4;2015;5;1;8;9;59;9;20;UPYD;13
4;2015;5;1;8;9;59;9;20;VOX;12
4;2015;5;1;8;9;59;9;21;C's;63
4;2015;5;1;8;9;59;9;21;IMAGINA BUR;112
4;2015;5;1;8;9;59;9;21;PCAS-TC;7
4;2015;5;1;8;9;59;9;21;PP;234
4;2015;5;1;8;9;59;9;21;PSOE;196
4;2015;5;1;8;9;59;9;21;PORBUR;16
4;2015;5;1;8;9;59;9;21;SAIn;4
4;2015;5;1;8;9;59;9;21;UPYD;9
4;2015;5;1;8;9;59;9;21;VOX;9
4;2015;5;1;8;9;59;9;22;C's;51
4;2015;5;1;8;9;59;9;22;IMAGINA BUR;106
4;2015;5;1;8;9;59;9;22;PCAS-TC;2
4;2015;5;1;8;9;59;9;22;PP;174
4;2015;5;1;8;9;59;9;22;PSOE;175
4;2015;5;1;8;9;59;9;22;PORBUR;10
4;2015;5;1;8;9;59;9;22;SAIn;2
4;2015;5;1;8;9;59;9;22;UPYD;19
4;2015;5;1;8;9;59;9;22;VOX;12
4;2015;5;1;8;9;59;9;23;C's;97
4;2015;5;1;8;9;59;9;23;IMAGINA BUR;210
4;2015;5;1;8;9;59;9;23;PCAS-TC;12
4;2015;5;1;8;9;59;9;23;PP;199
4;2015;5;1;8;9;59;9;23;PSOE;275
4;2015;5;1;8;9;59;9;23;PORBUR;21
4;2015;5;1;8;9;59;9;23;SAIn;2
4;2015;5;1;8;9;59;9;23;UPYD;8
4;2015;5;1;8;9;59;9;23;VOX;6
4;2015;5;1;8;9;59;9;24;C's;103
4;2015;5;1;8;9;59;9;24;IMAGINA BUR;216
4;2015;5;1;8;9;59;9;24;PCAS-TC;5
4;2015;5;1;8;9;59;9;24;PP;113
4;2015;5;1;8;9;59;9;24;PSOE;234
4;2015;5;1;8;9;59;9;24;PORBUR;18
4;2015;5;1;8;9;59;9;24;SAIn;5
4;2015;5;1;8;9;59;9;24;UPYD;12
4;2015;5;1;8;9;59;9;24;VOX;13
4;2015;5;1;8;9;59;9;25;C's;47
4;2015;5;1;8;9;59;9;25;IMAGINA BUR;121
4;2015;5;1;8;9;59;9;25;PCAS-TC;2
4;2015;5;1;8;9;59;9;25;PP;100
4;2015;5;1;8;9;59;9;25;PSOE;191
4;2015;5;1;8;9;59;9;25;PORBUR;12
4;2015;5;1;8;9;59;9;25;SAIn;1
4;2015;5;1;8;9;59;9;25;UPYD;12
4;2015;5;1;8;9;59;9;25;VOX;11
4;2015;5;1;8;9;59;5;49;IMAGINA BUR;93
4;2015;5;1;8;9;59;5;49;PCAS-TC;8
4;2015;5;1;8;9;59;5;49;PP;153
4;2015;5;1;8;9;59;5;49;PSOE;108
4;2015;5;1;8;9;59;5;49;PORBUR;12
4;2015;5;1;8;9;59;5;49;SAIn;7
4;2015;5;1;8;9;59;5;49;UPYD;12
4;2015;5;1;8;9;59;5;49;VOX;18
4;2015;5;1;8;9;59;5;49;C's;109
4;2015;5;1;8;9;59;5;50;C's;116
4;2015;5;1;8;9;59;5;50;IMAGINA BUR;104
4;2015;5;1;8;9;59;5;50;PCAS-TC;11
4;2015;5;1;8;9;59;5;50;PP;137
4;2015;5;1;8;9;59;5;50;PSOE;91
4;2015;5;1;8;9;59;5;50;PORBUR;20
4;2015;5;1;8;9;59;5;50;SAIn;5
4;2015;5;1;8;9;59;5;50;UPYD;8
4;2015;5;1;8;9;59;5;50;VOX;28
4;2015;5;1;8;9;59;6;1;C's;34
4;2015;5;1;8;9;59;6;1;IMAGINA BUR;58
4;2015;5;1;8;9;59;6;1;PCAS-TC;0
4;2015;5;1;8;9;59;6;1;PP;179
4;2015;5;1;8;9;59;6;1;PSOE;63
4;2015;5;1;8;9;59;6;1;PORBUR;13
4;2015;5;1;8;9;59;6;1;SAIn;3
4;2015;5;1;8;9;59;6;1;UPYD;12
4;2015;5;1;8;9;59;6;1;VOX;11
4;2015;5;1;8;9;59;6;2;C's;58
4;2015;5;1;8;9;59;6;2;IMAGINA BUR;74
4;2015;5;1;8;9;59;6;2;PCAS-TC;4
4;2015;5;1;8;9;59;6;2;PP;157
4;2015;5;1;8;9;59;6;2;PSOE;50
4;2015;5;1;8;9;59;6;2;PORBUR;11
4;2015;5;1;8;9;59;6;2;SAIn;2
4;2015;5;1;8;9;59;6;2;UPYD;1
4;2015;5;1;8;9;59;6;2;VOX;13
4;2015;5;1;8;9;59;6;3;C's;59
4;2015;5;1;8;9;59;6;3;IMAGINA BUR;57
4;2015;5;1;8;9;59;6;3;PCAS-TC;4
4;2015;5;1;8;9;59;6;3;PP;167
4;2015;5;1;8;9;59;6;3;PSOE;54
4;2015;5;1;8;9;59;6;3;PORBUR;8
4;2015;5;1;8;9;59;6;3;SAIn;4
4;2015;5;1;8;9;59;6;3;UPYD;6
4;2015;5;1;8;9;59;6;3;VOX;12
4;2015;5;1;8;9;59;6;4;C's;98
4;2015;5;1;8;9;59;6;4;IMAGINA BUR;117
4;2015;5;1;8;9;59;6;4;PCAS-TC;5
4;2015;5;1;8;9;59;6;4;PP;269
4;2015;5;1;8;9;59;6;4;PSOE;126
4;2015;5;1;8;9;59;6;4;PORBUR;19
4;2015;5;1;8;9;59;6;4;SAIn;4
4;2015;5;1;8;9;59;6;4;UPYD;19
4;2015;5;1;8;9;59;6;4;VOX;21
4;2015;5;1;8;9;59;6;5;C's;80
4;2015;5;1;8;9;59;6;5;IMAGINA BUR;112
4;2015;5;1;8;9;59;6;5;PCAS-TC;7
4;2015;5;1;8;9;59;6;5;PP;252
4;2015;5;1;8;9;59;6;5;PSOE;141
4;2015;5;1;8;9;59;6;5;PORBUR;17
4;2015;5;1;8;9;59;6;5;SAIn;9
4;2015;5;1;8;9;59;6;5;UPYD;13
4;2015;5;1;8;9;59;6;5;VOX;15
4;2015;5;1;8;9;59;5;2;C's;94
4;2015;5;1;8;9;59;5;2;IMAGINA BUR;85
4;2015;5;1;8;9;59;5;2;PCAS-TC;4
4;2015;5;1;8;9;59;5;2;PP;206
4;2015;5;1;8;9;59;5;2;PSOE;101
4;2015;5;1;8;9;59;5;2;PORBUR;18
4;2015;5;1;8;9;59;5;2;SAIn;1
4;2015;5;1;8;9;59;5;2;UPYD;14
4;2015;5;1;8;9;59;5;2;VOX;31
4;2015;5;1;8;9;59;5;3;C's;75
4;2015;5;1;8;9;59;5;3;IMAGINA BUR;77
4;2015;5;1;8;9;59;5;3;PCAS-TC;5
4;2015;5;1;8;9;59;5;3;PP;171
4;2015;5;1;8;9;59;5;3;PSOE;100
4;2015;5;1;8;9;59;5;3;PORBUR;11
4;2015;5;1;8;9;59;5;3;SAIn;2
4;2015;5;1;8;9;59;5;3;UPYD;7
4;2015;5;1;8;9;59;5;3;VOX;9
4;2015;5;1;8;9;59;5;4;C's;69
4;2015;5;1;8;9;59;5;4;IMAGINA BUR;97
4;2015;5;1;8;9;59;5;4;PCAS-TC;4
4;2015;5;1;8;9;59;5;4;PP;219
4;2015;5;1;8;9;59;5;4;PSOE;115
4;2015;5;1;8;9;59;5;4;PORBUR;12
4;2015;5;1;8;9;59;5;4;SAIn;6
4;2015;5;1;8;9;59;5;4;UPYD;17
4;2015;5;1;8;9;59;5;4;VOX;13
4;2015;5;1;8;9;59;5;5;C's;55
4;2015;5;1;8;9;59;5;5;IMAGINA BUR;75
4;2015;5;1;8;9;59;5;5;PCAS-TC;4
4;2015;5;1;8;9;59;5;5;PP;182
4;2015;5;1;8;9;59;5;5;PSOE;112
4;2015;5;1;8;9;59;5;5;PORBUR;9
4;2015;5;1;8;9;59;5;5;SAIn;4
4;2015;5;1;8;9;59;5;5;UPYD;15
4;2015;5;1;8;9;59;5;5;VOX;12
4;2015;5;1;8;9;59;5;6;C's;70
4;2015;5;1;8;9;59;5;6;IMAGINA BUR;50
4;2015;5;1;8;9;59;5;6;PCAS-TC;1
4;2015;5;1;8;9;59;5;6;PP;227
4;2015;5;1;8;9;59;5;6;PSOE;45
4;2015;5;1;8;9;59;5;6;PORBUR;18
4;2015;5;1;8;9;59;5;6;SAIn;2
4;2015;5;1;8;9;59;5;6;UPYD;4
4;2015;5;1;8;9;59;5;6;VOX;23
4;2015;5;1;8;9;59;5;7;C's;105
4;2015;5;1;8;9;59;5;7;IMAGINA BUR;79
4;2015;5;1;8;9;59;5;7;PCAS-TC;2
4;2015;5;1;8;9;59;5;7;PP;254
4;2015;5;1;8;9;59;5;7;PSOE;80
4;2015;5;1;8;9;59;5;7;PORBUR;19
4;2015;5;1;8;9;59;5;7;SAIn;3
4;2015;5;1;8;9;59;5;7;UPYD;9
4;2015;5;1;8;9;59;5;7;VOX;23
4;2015;5;1;8;9;59;5;8;C's;58
4;2015;5;1;8;9;59;5;8;IMAGINA BUR;99
4;2015;5;1;8;9;59;5;8;PCAS-TC;5
4;2015;5;1;8;9;59;5;8;PP;140
4;2015;5;1;8;9;59;5;8;PSOE;86
4;2015;5;1;8;9;59;5;8;PORBUR;12
4;2015;5;1;8;9;59;5;8;SAIn;0
4;2015;5;1;8;9;59;5;8;UPYD;6
4;2015;5;1;8;9;59;5;8;VOX;7
4;2015;5;1;8;9;59;5;9;C's;77
4;2015;5;1;8;9;59;5;9;IMAGINA BUR;122
4;2015;5;1;8;9;59;5;9;PCAS-TC;8
4;2015;5;1;8;9;59;5;9;PP;286
4;2015;5;1;8;9;59;5;9;PSOE;111
4;2015;5;1;8;9;59;5;9;PORBUR;22
4;2015;5;1;8;9;59;5;9;SAIn;1
4;2015;5;1;8;9;59;5;9;UPYD;10
4;2015;5;1;8;9;59;5;9;VOX;7
4;2015;5;1;8;9;59;5;10;C's;101
4;2015;5;1;8;9;59;5;10;IMAGINA BUR;111
4;2015;5;1;8;9;59;5;10;PCAS-TC;6
4;2015;5;1;8;9;59;5;10;PP;253
4;2015;5;1;8;9;59;5;10;PSOE;116
4;2015;5;1;8;9;59;5;10;PORBUR;22
4;2015;5;1;8;9;59;5;10;SAIn;3
4;2015;5;1;8;9;59;5;10;UPYD;21
4;2015;5;1;8;9;59;5;10;VOX;17
4;2015;5;1;8;9;59;9;26;C's;74
4;2015;5;1;8;9;59;9;26;IMAGINA BUR;110
4;2015;5;1;8;9;59;9;26;PCAS-TC;11
4;2015;5;1;8;9;59;9;26;PP;247
4;2015;5;1;8;9;59;9;26;PSOE;166
4;2015;5;1;8;9;59;9;26;PORBUR;12
4;2015;5;1;8;9;59;9;26;SAIn;5
4;2015;5;1;8;9;59;9;26;UPYD;25
4;2015;5;1;8;9;59;9;26;VOX;6
4;2015;5;1;8;9;59;9;27;C's;74
4;2015;5;1;8;9;59;9;27;IMAGINA BUR;125
4;2015;5;1;8;9;59;9;27;PCAS-TC;7
4;2015;5;1;8;9;59;9;27;PP;205
4;2015;5;1;8;9;59;9;27;PSOE;199
4;2015;5;1;8;9;59;9;27;PORBUR;24
4;2015;5;1;8;9;59;9;27;SAIn;13
4;2015;5;1;8;9;59;9;27;UPYD;13
4;2015;5;1;8;9;59;9;27;VOX;10
4;2015;5;1;8;9;59;9;28;C's;52
4;2015;5;1;8;9;59;9;28;IMAGINA BUR;115
4;2015;5;1;8;9;59;9;28;PCAS-TC;3
4;2015;5;1;8;9;59;9;28;PP;130
4;2015;5;1;8;9;59;9;28;PSOE;158
4;2015;5;1;8;9;59;9;28;PORBUR;5
4;2015;5;1;8;9;59;9;28;SAIn;3
4;2015;5;1;8;9;59;9;28;UPYD;11
4;2015;5;1;8;9;59;9;28;VOX;6
4;2015;5;1;8;9;59;9;29;C's;71
4;2015;5;1;8;9;59;9;29;IMAGINA BUR;90
4;2015;5;1;8;9;59;9;29;PCAS-TC;7
4;2015;5;1;8;9;59;9;29;PP;158
4;2015;5;1;8;9;59;9;29;PSOE;164
4;2015;5;1;8;9;59;9;29;PORBUR;10
4;2015;5;1;8;9;59;9;29;SAIn;0
4;2015;5;1;8;9;59;9;29;UPYD;22
4;2015;5;1;8;9;59;9;29;VOX;6
4;2015;5;1;8;9;59;9;30;C's;51
4;2015;5;1;8;9;59;9;30;IMAGINA BUR;102
4;2015;5;1;8;9;59;9;30;PCAS-TC;6
4;2015;5;1;8;9;59;9;30;PP;160
4;2015;5;1;8;9;59;9;30;PSOE;162
4;2015;5;1;8;9;59;9;30;PORBUR;10
4;2015;5;1;8;9;59;9;30;SAIn;1
4;2015;5;1;8;9;59;9;30;UPYD;5
4;2015;5;1;8;9;59;9;30;VOX;6
4;2015;5;1;8;9;59;9;31;C's;52
4;2015;5;1;8;9;59;9;31;IMAGINA BUR;120
4;2015;5;1;8;9;59;9;31;PCAS-TC;7
4;2015;5;1;8;9;59;9;31;PP;122
4;2015;5;1;8;9;59;9;31;PSOE;176
4;2015;5;1;8;9;59;9;31;PORBUR;9
4;2015;5;1;8;9;59;9;31;SAIn;0
4;2015;5;1;8;9;59;9;31;UPYD;16
4;2015;5;1;8;9;59;9;31;VOX;8
4;2015;5;1;8;9;59;9;32;C's;22
4;2015;5;1;8;9;59;9;32;IMAGINA BUR;85
4;2015;5;1;8;9;59;9;32;PCAS-TC;3
4;2015;5;1;8;9;59;9;32;PP;116
4;2015;5;1;8;9;59;9;32;PSOE;122
4;2015;5;1;8;9;59;9;32;PORBUR;12
4;2015;5;1;8;9;59;9;32;SAIn;1
4;2015;5;1;8;9;59;9;32;UPYD;9
4;2015;5;1;8;9;59;9;32;VOX;6
4;2015;5;1;8;9;59;9;33;C's;36
4;2015;5;1;8;9;59;9;33;IMAGINA BUR;95
4;2015;5;1;8;9;59;9;33;PCAS-TC;3
4;2015;5;1;8;9;59;9;33;PP;115
4;2015;5;1;8;9;59;9;33;PSOE;116
4;2015;5;1;8;9;59;9;33;PORBUR;8
4;2015;5;1;8;9;59;9;33;SAIn;5
4;2015;5;1;8;9;59;9;33;UPYD;7
4;2015;5;1;8;9;59;9;33;VOX;5
4;2015;5;1;8;9;59;9;34;C's;55
4;2015;5;1;8;9;59;9;34;IMAGINA BUR;72
4;2015;5;1;8;9;59;9;34;PCAS-TC;4
4;2015;5;1;8;9;59;9;34;PP;151
4;2015;5;1;8;9;59;9;34;PSOE;96
4;2015;5;1;8;9;59;9;34;PORBUR;20
4;2015;5;1;8;9;59;9;34;SAIn;2
4;2015;5;1;8;9;59;9;34;UPYD;12
4;2015;5;1;8;9;59;9;34;VOX;2
4;2015;5;1;8;9;59;9;35;C's;114
4;2015;5;1;8;9;59;9;35;IMAGINA BUR;287
4;2015;5;1;8;9;59;9;35;PCAS-TC;9
4;2015;5;1;8;9;59;9;35;PP;191
4;2015;5;1;8;9;59;9;35;PSOE;299
4;2015;5;1;8;9;59;9;35;PORBUR;24
4;2015;5;1;8;9;59;9;35;SAIn;6
4;2015;5;1;8;9;59;9;35;UPYD;23
4;2015;5;1;8;9;59;9;35;VOX;14
4;2015;5;1;8;9;59;1;1;C's;62
4;2015;5;1;8;9;59;1;1;IMAGINA BUR;58
4;2015;5;1;8;9;59;1;1;PCAS-TC;2
4;2015;5;1;8;9;59;1;1;PP;136
4;2015;5;1;8;9;59;1;1;PSOE;61
4;2015;5;1;8;9;59;1;1;PORBUR;11
4;2015;5;1;8;9;59;1;1;SAIn;0
4;2015;5;1;8;9;59;1;1;UPYD;6
4;2015;5;1;8;9;59;1;1;VOX;15
4;2015;5;1;8;9;59;5;11;C's;86
4;2015;5;1;8;9;59;5;11;IMAGINA BUR;86
4;2015;5;1;8;9;59;5;11;PCAS-TC;11
4;2015;5;1;8;9;59;5;11;PP;318
4;2015;5;1;8;9;59;5;11;PSOE;87
4;2015;5;1;8;9;59;5;11;PORBUR;19
4;2015;5;1;8;9;59;5;11;SAIn;3
4;2015;5;1;8;9;59;5;11;UPYD;13
4;2015;5;1;8;9;59;5;11;VOX;20
4;2015;5;1;8;9;59;5;12;C's;71
4;2015;5;1;8;9;59;5;12;IMAGINA BUR;117
4;2015;5;1;8;9;59;5;12;PCAS-TC;7
4;2015;5;1;8;9;59;5;12;PP;127
4;2015;5;1;8;9;59;5;12;PSOE;140
4;2015;5;1;8;9;59;5;12;PORBUR;13
4;2015;5;1;8;9;59;5;12;SAIn;3
4;2015;5;1;8;9;59;5;12;UPYD;6
4;2015;5;1;8;9;59;5;12;VOX;11
4;2015;5;1;8;9;59;5;13;C's;78
4;2015;5;1;8;9;59;5;13;IMAGINA BUR;158
4;2015;5;1;8;9;59;5;13;PCAS-TC;7
4;2015;5;1;8;9;59;5;13;PP;169
4;2015;5;1;8;9;59;5;13;PSOE;179
4;2015;5;1;8;9;59;5;13;PORBUR;17
4;2015;5;1;8;9;59;5;13;SAIn;5
4;2015;5;1;8;9;59;5;13;UPYD;6
4;2015;5;1;8;9;59;5;13;VOX;7
4;2015;5;1;8;9;59;9;36;C's;56
4;2015;5;1;8;9;59;9;36;IMAGINA BUR;97
4;2015;5;1;8;9;59;9;36;PCAS-TC;9
4;2015;5;1;8;9;59;9;36;PP;120
4;2015;5;1;8;9;59;9;36;PSOE;147
4;2015;5;1;8;9;59;9;36;PORBUR;7
4;2015;5;1;8;9;59;9;36;SAIn;3
4;2015;5;1;8;9;59;9;36;UPYD;11
4;2015;5;1;8;9;59;9;36;VOX;5
4;2015;5;1;8;9;59;9;37;C's;60
4;2015;5;1;8;9;59;9;37;IMAGINA BUR;157
4;2015;5;1;8;9;59;9;37;PCAS-TC;3
4;2015;5;1;8;9;59;9;37;PP;135
4;2015;5;1;8;9;59;9;37;PSOE;172
4;2015;5;1;8;9;59;9;37;PORBUR;27
4;2015;5;1;8;9;59;9;37;SAIn;2
4;2015;5;1;8;9;59;9;37;UPYD;13
4;2015;5;1;8;9;59;9;37;VOX;10
4;2015;5;1;8;9;59;9;38;C's;69
4;2015;5;1;8;9;59;9;38;IMAGINA BUR;100
4;2015;5;1;8;9;59;9;38;PCAS-TC;3
4;2015;5;1;8;9;59;9;38;PP;115
4;2015;5;1;8;9;59;9;38;PSOE;149
4;2015;5;1;8;9;59;9;38;PORBUR;14
4;2015;5;1;8;9;59;9;38;SAIn;3
4;2015;5;1;8;9;59;9;38;UPYD;14
4;2015;5;1;8;9;59;9;38;VOX;5
4;2015;5;1;8;9;59;5;36;C's;49
4;2015;5;1;8;9;59;5;36;IMAGINA BUR;43
4;2015;5;1;8;9;59;5;36;PCAS-TC;5
4;2015;5;1;8;9;59;5;36;PP;169
4;2015;5;1;8;9;59;5;36;PSOE;48
4;2015;5;1;8;9;59;5;36;PORBUR;20
4;2015;5;1;8;9;59;5;36;SAIn;1
4;2015;5;1;8;9;59;5;36;UPYD;4
4;2015;5;1;8;9;59;5;36;VOX;16
4;2015;5;1;8;9;59;5;37;C's;83
4;2015;5;1;8;9;59;5;37;IMAGINA BUR;56
4;2015;5;1;8;9;59;5;37;PCAS-TC;5
4;2015;5;1;8;9;59;5;37;PP;272
4;2015;5;1;8;9;59;5;37;PSOE;74
4;2015;5;1;8;9;59;5;37;PORBUR;7
4;2015;5;1;8;9;59;5;37;SAIn;0
4;2015;5;1;8;9;59;5;37;UPYD;7
4;2015;5;1;8;9;59;5;37;VOX;32
4;2015;5;1;8;9;59;5;38;C's;190
4;2015;5;1;8;9;59;5;38;IMAGINA BUR;244
4;2015;5;1;8;9;59;5;38;PCAS-TC;16
4;2015;5;1;8;9;59;5;38;PP;262
4;2015;5;1;8;9;59;5;38;PSOE;186
4;2015;5;1;8;9;59;5;38;PORBUR;54
4;2015;5;1;8;9;59;5;38;SAIn;3
4;2015;5;1;8;9;59;5;38;UPYD;27
4;2015;5;1;8;9;59;5;38;VOX;30
4;2015;5;1;8;9;59;5;39;C's;44
4;2015;5;1;8;9;59;5;39;IMAGINA BUR;138
4;2015;5;1;8;9;59;5;39;PCAS-TC;5
4;2015;5;1;8;9;59;5;39;PP;90
4;2015;5;1;8;9;59;5;39;PSOE;135
4;2015;5;1;8;9;59;5;39;PORBUR;12
4;2015;5;1;8;9;59;5;39;SAIn;10
4;2015;5;1;8;9;59;5;39;UPYD;11
4;2015;5;1;8;9;59;5;39;VOX;11
4;2015;5;1;8;9;59;5;40;C's;126
4;2015;5;1;8;9;59;5;40;IMAGINA BUR;243
4;2015;5;1;8;9;59;5;40;PCAS-TC;10
4;2015;5;1;8;9;59;5;40;PP;195
4;2015;5;1;8;9;59;5;40;PSOE;225
4;2015;5;1;8;9;59;5;40;PORBUR;21
4;2015;5;1;8;9;59;5;40;SAIn;6
4;2015;5;1;8;9;59;5;40;UPYD;27
4;2015;5;1;8;9;59;5;40;VOX;23
4;2015;5;1;8;9;59;5;41;C's;110
4;2015;5;1;8;9;59;5;41;IMAGINA BUR;163
4;2015;5;1;8;9;59;5;41;PCAS-TC;5
4;2015;5;1;8;9;59;5;41;PP;176
4;2015;5;1;8;9;59;5;41;PSOE;117
4;2015;5;1;8;9;59;5;41;PORBUR;26
4;2015;5;1;8;9;59;5;41;SAIn;2
4;2015;5;1;8;9;59;5;41;UPYD;13
4;2015;5;1;8;9;59;5;41;VOX;18
4;2015;5;1;8;9;59;5;42;C's;177
4;2015;5;1;8;9;59;5;42;IMAGINA BUR;195
4;2015;5;1;8;9;59;5;42;PCAS-TC;10
4;2015;5;1;8;9;59;5;42;PP;261
4;2015;5;1;8;9;59;5;42;PSOE;225
4;2015;5;1;8;9;59;5;42;PORBUR;36
4;2015;5;1;8;9;59;5;42;SAIn;2
4;2015;5;1;8;9;59;5;42;UPYD;29
4;2015;5;1;8;9;59;5;42;VOX;20
4;2015;5;1;8;9;59;1;2;C's;59
4;2015;5;1;8;9;59;1;2;IMAGINA BUR;81
4;2015;5;1;8;9;59;1;2;PCAS-TC;4
4;2015;5;1;8;9;59;1;2;PP;122
4;2015;5;1;8;9;59;1;2;PSOE;70
4;2015;5;1;8;9;59;1;2;PORBUR;13
4;2015;5;1;8;9;59;1;2;SAIn;7
4;2015;5;1;8;9;59;1;2;UPYD;15
4;2015;5;1;8;9;59;1;2;VOX;11
4;2015;5;1;8;9;59;2;1;C's;57
4;2015;5;1;8;9;59;2;1;IMAGINA BUR;83
4;2015;5;1;8;9;59;2;1;PCAS-TC;0
4;2015;5;1;8;9;59;2;1;PP;157
4;2015;5;1;8;9;59;2;1;PSOE;46
4;2015;5;1;8;9;59;2;1;PORBUR;14
4;2015;5;1;8;9;59;2;1;SAIn;0
4;2015;5;1;8;9;59;2;1;UPYD;12
4;2015;5;1;8;9;59;2;1;VOX;14
4;2015;5;1;8;9;59;2;2;C's;60
4;2015;5;1;8;9;59;2;2;IMAGINA BUR;54
4;2015;5;1;8;9;59;2;2;PCAS-TC;2
4;2015;5;1;8;9;59;2;2;PP;151
4;2015;5;1;8;9;59;2;2;PSOE;40
4;2015;5;1;8;9;59;2;2;PORBUR;9
4;2015;5;1;8;9;59;2;2;SAIn;0
4;2015;5;1;8;9;59;2;2;UPYD;9
4;2015;5;1;8;9;59;2;2;VOX;21
4;2015;5;1;8;9;59;2;3;C's;66
4;2015;5;1;8;9;59;2;3;IMAGINA BUR;51
4;2015;5;1;8;9;59;2;3;PCAS-TC;3
4;2015;5;1;8;9;59;2;3;PP;229
4;2015;5;1;8;9;59;2;3;PSOE;76
4;2015;5;1;8;9;59;2;3;PORBUR;22
4;2015;5;1;8;9;59;2;3;SAIn;3
4;2015;5;1;8;9;59;2;3;UPYD;10
4;2015;5;1;8;9;59;2;3;VOX;24
4;2015;5;1;8;9;59;2;4;C's;60
4;2015;5;1;8;9;59;2;4;IMAGINA BUR;54
4;2015;5;1;8;9;59;2;4;PCAS-TC;1
4;2015;5;1;8;9;59;2;4;PP;152
4;2015;5;1;8;9;59;2;4;PSOE;54
4;2015;5;1;8;9;59;2;4;PORBUR;5
4;2015;5;1;8;9;59;2;4;SAIn;3
4;2015;5;1;8;9;59;2;4;UPYD;5
4;2015;5;1;8;9;59;2;4;VOX;14
4;2015;5;1;8;9;59;2;5;C's;102
4;2015;5;1;8;9;59;2;5;IMAGINA BUR;94
4;2015;5;1;8;9;59;2;5;PCAS-TC;1
4;2015;5;1;8;9;59;2;5;PP;292
4;2015;5;1;8;9;59;2;5;PSOE;104
4;2015;5;1;8;9;59;2;5;PORBUR;27
4;2015;5;1;8;9;59;2;5;SAIn;1
4;2015;5;1;8;9;59;2;5;UPYD;24
4;2015;5;1;8;9;59;2;5;VOX;27
4;2015;5;1;8;9;59;3;1;C's;52
4;2015;5;1;8;9;59;3;1;IMAGINA BUR;73
4;2015;5;1;8;9;59;3;1;PCAS-TC;2
4;2015;5;1;8;9;59;3;1;PP;134
4;2015;5;1;8;9;59;3;1;PSOE;50
4;2015;5;1;8;9;59;3;1;PORBUR;7
4;2015;5;1;8;9;59;3;1;SAIn;3
4;2015;5;1;8;9;59;3;1;UPYD;11
4;2015;5;1;8;9;59;3;1;VOX;14
4;2015;5;1;8;9;59;3;2;C's;83
4;2015;5;1;8;9;59;3;2;IMAGINA BUR;92
4;2015;5;1;8;9;59;3;2;PCAS-TC;2
4;2015;5;1;8;9;59;3;2;PP;244
4;2015;5;1;8;9;59;3;2;PSOE;69
4;2015;5;1;8;9;59;3;2;PORBUR;14
4;2015;5;1;8;9;59;3;2;SAIn;3
4;2015;5;1;8;9;59;3;2;UPYD;15
4;2015;5;1;8;9;59;3;2;VOX;11
4;2015;5;1;8;9;59;5;14;C's;37
4;2015;5;1;8;9;59;5;14;IMAGINA BUR;115
4;2015;5;1;8;9;59;5;14;PCAS-TC;13
4;2015;5;1;8;9;59;5;14;PP;103
4;2015;5;1;8;9;59;5;14;PSOE;107
4;2015;5;1;8;9;59;5;14;PORBUR;12
4;2015;5;1;8;9;59;5;14;SAIn;10
4;2015;5;1;8;9;59;5;14;UPYD;6
4;2015;5;1;8;9;59;5;14;VOX;7
4;2015;5;1;8;9;59;5;15;C's;92
4;2015;5;1;8;9;59;5;15;IMAGINA BUR;127
4;2015;5;1;8;9;59;5;15;PCAS-TC;8
4;2015;5;1;8;9;59;5;15;PP;302
4;2015;5;1;8;9;59;5;15;PSOE;151
4;2015;5;1;8;9;59;5;15;PORBUR;23
4;2015;5;1;8;9;59;5;15;SAIn;2
4;2015;5;1;8;9;59;5;15;UPYD;21
4;2015;5;1;8;9;59;5;15;VOX;33
4;2015;5;1;8;9;59;5;16;C's;86
4;2015;5;1;8;9;59;5;16;IMAGINA BUR;118
4;2015;5;1;8;9;59;5;16;PCAS-TC;4
4;2015;5;1;8;9;59;5;16;PP;316
4;2015;5;1;8;9;59;5;16;PSOE;109
4;2015;5;1;8;9;59;5;16;PORBUR;23
4;2015;5;1;8;9;59;5;16;SAIn;3
4;2015;5;1;8;9;59;5;16;UPYD;14
4;2015;5;1;8;9;59;5;16;VOX;16
4;2015;5;1;8;9;59;5;17;C's;68
4;2015;5;1;8;9;59;5;17;IMAGINA BUR;80
4;2015;5;1;8;9;59;5;17;PCAS-TC;1
4;2015;5;1;8;9;59;5;17;PP;199
4;2015;5;1;8;9;59;5;17;PSOE;67
4;2015;5;1;8;9;59;5;17;PORBUR;8
4;2015;5;1;8;9;59;5;17;SAIn;3
4;2015;5;1;8;9;59;5;17;UPYD;11
4;2015;5;1;8;9;59;5;17;VOX;10
4;2015;5;1;8;9;59;5;43;C's;152
4;2015;5;1;8;9;59;5;43;IMAGINA BUR;126
4;2015;5;1;8;9;59;5;43;PCAS-TC;11
4;2015;5;1;8;9;59;5;43;PP;141
4;2015;5;1;8;9;59;5;43;PSOE;137
4;2015;5;1;8;9;59;5;43;PORBUR;24
4;2015;5;1;8;9;59;5;43;SAIn;1
4;2015;5;1;8;9;59;5;43;UPYD;26
4;2015;5;1;8;9;59;5;43;VOX;14
4;2015;5;1;8;9;59;5;44;C's;67
4;2015;5;1;8;9;59;5;44;IMAGINA BUR;140
4;2015;5;1;8;9;59;5;44;PCAS-TC;5
4;2015;5;1;8;9;59;5;44;PP;85
4;2015;5;1;8;9;59;5;44;PSOE;147
4;2015;5;1;8;9;59;5;44;PORBUR;14
4;2015;5;1;8;9;59;5;44;SAIn;14
4;2015;5;1;8;9;59;5;44;UPYD;12
4;2015;5;1;8;9;59;5;44;VOX;16
4;2015;5;1;8;9;59;5;45;C's;117
4;2015;5;1;8;9;59;5;45;IMAGINA BUR;186
4;2015;5;1;8;9;59;5;45;PCAS-TC;11
4;2015;5;1;8;9;59;5;45;PP;168
4;2015;5;1;8;9;59;5;45;PSOE;219
4;2015;5;1;8;9;59;5;45;PORBUR;23
4;2015;5;1;8;9;59;5;45;SAIn;3
4;2015;5;1;8;9;59;5;45;UPYD;25
4;2015;5;1;8;9;59;5;45;VOX;11
4;2015;5;1;8;9;59;9;39;C's;58
4;2015;5;1;8;9;59;9;39;IMAGINA BUR;156
4;2015;5;1;8;9;59;9;39;PCAS-TC;7
4;2015;5;1;8;9;59;9;39;PP;95
4;2015;5;1;8;9;59;9;39;PSOE;156
4;2015;5;1;8;9;59;9;39;PORBUR;16
4;2015;5;1;8;9;59;9;39;SAIn;5
4;2015;5;1;8;9;59;9;39;UPYD;13
4;2015;5;1;8;9;59;9;39;VOX;7
4;2015;5;1;8;9;59;9;40;C's;98
4;2015;5;1;8;9;59;9;40;IMAGINA BUR;162
4;2015;5;1;8;9;59;9;40;PCAS-TC;16
4;2015;5;1;8;9;59;9;40;PP;123
4;2015;5;1;8;9;59;9;40;PSOE;231
4;2015;5;1;8;9;59;9;40;PORBUR;20
4;2015;5;1;8;9;59;9;40;SAIn;5
4;2015;5;1;8;9;59;9;40;UPYD;16
4;2015;5;1;8;9;59;9;40;VOX;6
4;2015;5;1;8;9;59;9;41;C's;152
4;2015;5;1;8;9;59;9;41;IMAGINA BUR;198
4;2015;5;1;8;9;59;9;41;PCAS-TC;14
4;2015;5;1;8;9;59;9;41;PP;257
4;2015;5;1;8;9;59;9;41;PSOE;270
4;2015;5;1;8;9;59;9;41;PORBUR;18
4;2015;5;1;8;9;59;9;41;SAIn;2
4;2015;5;1;8;9;59;9;41;UPYD;37
4;2015;5;1;8;9;59;9;41;VOX;15
4;2015;5;1;8;9;59;9;42;C's;100
4;2015;5;1;8;9;59;9;42;IMAGINA BUR;162
4;2015;5;1;8;9;59;9;42;PCAS-TC;7
4;2015;5;1;8;9;59;9;42;PP;118
4;2015;5;1;8;9;59;9;42;PSOE;132
4;2015;5;1;8;9;59;9;42;PORBUR;24
4;2015;5;1;8;9;59;9;42;SAIn;3
4;2015;5;1;8;9;59;9;42;UPYD;16
4;2015;5;1;8;9;59;9;42;VOX;10
4;2015;5;1;8;9;59;9;43;C's;253
4;2015;5;1;8;9;59;9;43;IMAGINA BUR;258
4;2015;5;1;8;9;59;9;43;PCAS-TC;13
4;2015;5;1;8;9;59;9;43;PP;219
4;2015;5;1;8;9;59;9;43;PSOE;275
4;2015;5;1;8;9;59;9;43;PORBUR;18
4;2015;5;1;8;9;59;9;43;SAIn;4
4;2015;5;1;8;9;59;9;43;UPYD;26
4;2015;5;1;8;9;59;9;43;VOX;17
4;2015;5;1;8;9;59;3;3;C's;86
4;2015;5;1;8;9;59;3;3;IMAGINA BUR;158
4;2015;5;1;8;9;59;3;3;PCAS-TC;7
4;2015;5;1;8;9;59;3;3;PP;191
4;2015;5;1;8;9;59;3;3;PSOE;181
4;2015;5;1;8;9;59;3;3;PORBUR;14
4;2015;5;1;8;9;59;3;3;SAIn;2
4;2015;5;1;8;9;59;3;3;UPYD;20
4;2015;5;1;8;9;59;3;3;VOX;8
4;2015;5;1;8;9;59;3;4;C's;36
4;2015;5;1;8;9;59;3;4;IMAGINA BUR;62
4;2015;5;1;8;9;59;3;4;PCAS-TC;2
4;2015;5;1;8;9;59;3;4;PP;141
4;2015;5;1;8;9;59;3;4;PSOE;105
4;2015;5;1;8;9;59;3;4;PORBUR;7
4;2015;5;1;8;9;59;3;4;SAIn;0
4;2015;5;1;8;9;59;3;4;UPYD;7
4;2015;5;1;8;9;59;3;4;VOX;6
4;2015;5;1;8;9;59;3;5;C's;150
4;2015;5;1;8;9;59;3;5;IMAGINA BUR;268
4;2015;5;1;8;9;59;3;5;PCAS-TC;16
4;2015;5;1;8;9;59;3;5;PP;225
4;2015;5;1;8;9;59;3;5;PSOE;219
4;2015;5;1;8;9;59;3;5;PORBUR;31
4;2015;5;1;8;9;59;3;5;SAIn;10
4;2015;5;1;8;9;59;3;5;UPYD;39
4;2015;5;1;8;9;59;3;5;VOX;23
4;2015;5;1;8;9;59;5;18;C's;86
4;2015;5;1;8;9;59;5;18;IMAGINA BUR;64
4;2015;5;1;8;9;59;5;18;PCAS-TC;0
4;2015;5;1;8;9;59;5;18;PP;249
4;2015;5;1;8;9;59;5;18;PSOE;43
4;2015;5;1;8;9;59;5;18;PORBUR;11
4;2015;5;1;8;9;59;5;18;SAIn;2
4;2015;5;1;8;9;59;5;18;UPYD;10
4;2015;5;1;8;9;59;5;18;VOX;15
4;2015;5;1;8;9;59;5;19;C's;48
4;2015;5;1;8;9;59;5;19;IMAGINA BUR;107
4;2015;5;1;8;9;59;5;19;PCAS-TC;1
4;2015;5;1;8;9;59;5;19;PP;202
4;2015;5;1;8;9;59;5;19;PSOE;89
4;2015;5;1;8;9;59;5;19;PORBUR;13
4;2015;5;1;8;9;59;5;19;SAIn;6
4;2015;5;1;8;9;59;5;19;UPYD;11
4;2015;5;1;8;9;59;5;19;VOX;13
4;2015;5;1;8;9;59;5;20;C's;48
4;2015;5;1;8;9;59;5;20;IMAGINA BUR;112
4;2015;5;1;8;9;59;5;20;PCAS-TC;1
4;2015;5;1;8;9;59;5;20;PP;150
4;2015;5;1;8;9;59;5;20;PSOE;114
4;2015;5;1;8;9;59;5;20;PORBUR;5
4;2015;5;1;8;9;59;5;20;SAIn;8
4;2015;5;1;8;9;59;5;20;UPYD;15
4;2015;5;1;8;9;59;5;20;VOX;12
4;2015;5;1;8;9;59;5;21;C's;44
4;2015;5;1;8;9;59;5;21;IMAGINA BUR;97
4;2015;5;1;8;9;59;5;21;PCAS-TC;2
4;2015;5;1;8;9;59;5;21;PP;215
4;2015;5;1;8;9;59;5;21;PSOE;86
4;2015;5;1;8;9;59;5;21;PORBUR;20
4;2015;5;1;8;9;59;5;21;SAIn;2
4;2015;5;1;8;9;59;5;21;UPYD;12
4;2015;5;1;8;9;59;5;21;VOX;14
4;2015;5;1;8;9;59;5;22;C's;82
4;2015;5;1;8;9;59;5;22;IMAGINA BUR;81
4;2015;5;1;8;9;59;5;22;PCAS-TC;6
4;2015;5;1;8;9;59;5;22;PP;257
4;2015;5;1;8;9;59;5;22;PSOE;126
4;2015;5;1;8;9;59;5;22;PORBUR;20
4;2015;5;1;8;9;59;5;22;SAIn;7
4;2015;5;1;8;9;59;5;22;UPYD;9
4;2015;5;1;8;9;59;5;22;VOX;20
4;2015;5;1;8;9;59;5;23;C's;73
4;2015;5;1;8;9;59;5;23;IMAGINA BUR;77
4;2015;5;1;8;9;59;5;23;PCAS-TC;6
4;2015;5;1;8;9;59;5;23;PP;207
4;2015;5;1;8;9;59;5;23;PSOE;104
4;2015;5;1;8;9;59;5;23;PORBUR;14
4;2015;5;1;8;9;59;5;23;SAIn;9
4;2015;5;1;8;9;59;5;23;UPYD;11
4;2015;5;1;8;9;59;5;23;VOX;7
4;2015;5;1;8;9;59;5;46;C's;88
4;2015;5;1;8;9;59;5;46;IMAGINA BUR;113
4;2015;5;1;8;9;59;5;46;PCAS-TC;5
4;2015;5;1;8;9;59;5;46;PP;129
4;2015;5;1;8;9;59;5;46;PSOE;134
4;2015;5;1;8;9;59;5;46;PORBUR;17
4;2015;5;1;8;9;59;5;46;SAIn;5
4;2015;5;1;8;9;59;5;46;UPYD;10
4;2015;5;1;8;9;59;5;46;VOX;4
4;2015;5;1;8;9;59;5;47;C's;214
4;2015;5;1;8;9;59;5;47;IMAGINA BUR;339
4;2015;5;1;8;9;59;5;47;PCAS-TC;12
4;2015;5;1;8;9;59;5;47;PP;179
4;2015;5;1;8;9;59;5;47;PSOE;260
4;2015;5;1;8;9;59;5;47;PORBUR;28
4;2015;5;1;8;9;59;5;47;SAIn;8
4;2015;5;1;8;9;59;5;47;UPYD;39
4;2015;5;1;8;9;59;5;47;VOX;12
4;2015;5;1;8;9;59;5;48;C's;89
4;2015;5;1;8;9;59;5;48;IMAGINA BUR;139
4;2015;5;1;8;9;59;5;48;PCAS-TC;2
4;2015;5;1;8;9;59;5;48;PP;150
4;2015;5;1;8;9;59;5;48;PSOE;102
4;2015;5;1;8;9;59;5;48;PORBUR;22
4;2015;5;1;8;9;59;5;48;SAIn;2
4;2015;5;1;8;9;59;5;48;UPYD;10
4;2015;5;1;8;9;59;5;48;VOX;14
4;2015;5;1;8;9;59;9;44;C's;102
4;2015;5;1;8;9;59;9;44;IMAGINA BUR;183
4;2015;5;1;8;9;59;9;44;PCAS-TC;10
4;2015;5;1;8;9;59;9;44;PP;149
4;2015;5;1;8;9;59;9;44;PSOE;180
4;2015;5;1;8;9;59;9;44;PORBUR;19
4;2015;5;1;8;9;59;9;44;SAIn;6
4;2015;5;1;8;9;59;9;44;UPYD;17
4;2015;5;1;8;9;59;9;44;VOX;15
